"date","county","totalCases","totalDeaths","newCases","vaxInit","vaxCompleted","posTestRatio","caseDensity","infectionRate","infectionRateCI90","riskLevelOverall","vaxInitiatedRatio","vaxCompletedRatio","newDeaths","vaxAdministered","riskLevelCaseDensity","cdcTransmissionLevel","vaxAddDose","vaxAddDoseRatio"
2020-03-01,"New Jersey",NA,NA,NA,NA,NA,NA,0,NA,NA,0,NA,NA,NA,NA,0,0,NA,NA
2020-03-02,"New Jersey",NA,NA,NA,NA,NA,NA,0,NA,NA,0,NA,NA,NA,NA,0,0,NA,NA
2020-03-03,"New Jersey",NA,NA,NA,NA,NA,0,0,NA,NA,0,NA,NA,NA,NA,0,0,NA,NA
2020-03-04,"New Jersey",1,0,NA,NA,NA,0.182,0,NA,NA,0,NA,NA,NA,NA,0,3,NA,NA
2020-03-05,"New Jersey",2,0,1,NA,NA,0.2,0,NA,NA,0,NA,NA,0,NA,0,3,NA,NA
2020-03-06,"New Jersey",4,0,2,NA,NA,0.211,0,2.28,0.7,0,NA,NA,0,NA,0,3,NA,NA
2020-03-07,"New Jersey",4,0,0,NA,NA,0.172,0,2.32,0.53,0,NA,NA,0,NA,0,3,NA,NA
2020-03-08,"New Jersey",6,0,2,NA,NA,0.176,0,2.35,0.46,0,NA,NA,0,NA,0,3,NA,NA
2020-03-09,"New Jersey",11,0,5,NA,NA,0.333,0,2.38,0.45,0,NA,NA,0,NA,0,3,NA,NA
2020-03-10,"New Jersey",15,1,4,NA,NA,0.4,0,2.41,0.47,0,NA,NA,1,NA,0,3,NA,NA
2020-03-11,"New Jersey",23,1,8,NA,NA,0.333,0,2.43,0.33,0,NA,NA,0,NA,0,3,NA,NA
2020-03-12,"New Jersey",29,1,6,NA,NA,0.25,0,2.44,0.32,0,NA,NA,0,NA,0,3,NA,NA
2020-03-13,"New Jersey",50,1,21,NA,NA,0.25,0.1,2.44,0.29,0,NA,NA,0,NA,0,3,NA,NA
2020-03-14,"New Jersey",75,2,25,NA,NA,0.25,0.1,2.44,0.27,0,NA,NA,1,NA,0,3,NA,NA
2020-03-15,"New Jersey",98,2,23,NA,NA,0.2,0.1,2.43,0.21,0,NA,NA,0,NA,0,3,NA,NA
2020-03-16,"New Jersey",176,3,78,NA,NA,0.2,0.3,2.41,0.15,0,NA,NA,1,NA,0,3,NA,NA
2020-03-17,"New Jersey",268,3,92,NA,NA,0.5,0.4,2.38,0.2,0,NA,NA,0,NA,0,3,NA,NA
2020-03-18,"New Jersey",427,5,159,NA,NA,0.4,0.6,2.34,0.15,0,NA,NA,2,NA,0,3,NA,NA
2020-03-19,"New Jersey",735,9,308,NA,NA,0.387,1.1,2.31,0.12,3,NA,NA,4,NA,1,3,NA,NA
2020-03-20,"New Jersey",896,11,161,NA,NA,0.419,1.4,2.25,0.1,3,NA,NA,2,NA,1,3,NA,NA
2020-03-21,"New Jersey",1336,16,440,NA,NA,0.475,2,2.19,0.1,3,NA,NA,5,NA,1,3,NA,NA
2020-03-22,"New Jersey",1914,20,578,NA,NA,0.5,2.9,2.12,0.1,3,NA,NA,4,NA,1,3,NA,NA
2020-03-23,"New Jersey",2844,27,930,NA,NA,0.506,4.3,2.05,0.1,3,NA,NA,7,NA,1,3,NA,NA
2020-03-24,"New Jersey",3675,44,831,NA,NA,0.518,5.5,1.98,0.1,3,NA,NA,17,NA,1,3,NA,NA
2020-03-25,"New Jersey",4402,62,727,NA,NA,0.541,6.4,1.91,0.1,3,NA,NA,18,NA,1,3,NA,NA
2020-03-26,"New Jersey",6876,82,2474,NA,NA,0.518,9.9,1.83,0.1,3,NA,NA,20,NA,1,3,NA,NA
2020-03-27,"New Jersey",8825,108,1949,NA,NA,0.539,12.8,1.76,0.1,3,NA,NA,26,NA,2,3,NA,NA
2020-03-28,"New Jersey",11124,140,2299,NA,NA,0.51,15.7,1.69,0.1,3,NA,NA,32,NA,2,3,NA,NA
2020-03-29,"New Jersey",13386,161,2262,NA,NA,0.52,18.5,1.62,0.1,3,NA,NA,21,NA,2,3,NA,NA
2020-03-30,"New Jersey",16636,199,3250,NA,NA,0.5,22.2,1.55,0.1,3,NA,NA,38,NA,2,3,NA,NA
2020-03-31,"New Jersey",18696,267,2060,NA,NA,0.498,24.2,1.49,0.1,3,NA,NA,68,NA,2,3,NA,NA
2020-04-01,"New Jersey",22255,355,3559,NA,NA,0.471,28.7,1.43,0.1,3,NA,NA,88,NA,3,3,NA,NA
2020-04-02,"New Jersey",25590,539,3335,NA,NA,0.483,30.1,1.37,0.1,3,NA,NA,184,NA,3,3,NA,NA
2020-04-03,"New Jersey",29895,647,4305,NA,NA,0.491,33.9,1.32,0.1,3,NA,NA,108,NA,3,3,NA,NA
2020-04-04,"New Jersey",34124,847,4229,NA,NA,0.494,37,1.27,0.1,3,NA,NA,200,NA,3,3,NA,NA
2020-04-05,"New Jersey",37505,917,3381,NA,NA,0.522,38.8,1.23,0.1,3,NA,NA,70,NA,3,3,NA,NA
2020-04-06,"New Jersey",41090,1005,3585,NA,NA,0.526,39.3,1.19,0.1,3,NA,NA,88,NA,3,3,NA,NA
2020-04-07,"New Jersey",44416,1232,3326,NA,NA,0.532,41.4,1.16,0.1,3,NA,NA,227,NA,3,3,NA,NA
2020-04-08,"New Jersey",47437,1504,3021,NA,NA,0.563,40.5,1.13,0.1,3,NA,NA,272,NA,3,3,NA,NA
2020-04-09,"New Jersey",51027,1700,3590,NA,NA,0.574,40.9,1.1,0.1,3,NA,NA,196,NA,3,3,NA,NA
2020-04-10,"New Jersey",54588,1932,3561,NA,NA,0.559,39.7,1.08,0.1,3,NA,NA,232,NA,3,3,NA,NA
2020-04-11,"New Jersey",58151,2183,3563,NA,NA,0.553,38.6,1.06,0.1,3,NA,NA,251,NA,3,3,NA,NA
2020-04-12,"New Jersey",61850,2350,3699,NA,NA,0.543,39.2,1.04,0.1,3,NA,NA,167,NA,3,3,NA,NA
2020-04-13,"New Jersey",64584,2443,2734,NA,NA,0.529,37.8,1.02,0.1,3,NA,NA,93,NA,3,3,NA,NA
2020-04-14,"New Jersey",68824,2805,4240,NA,NA,0.508,39.3,1.01,0.1,3,NA,NA,362,NA,3,3,NA,NA
2020-04-15,"New Jersey",71030,3156,2206,NA,NA,0.456,37.9,1,0.1,3,NA,NA,351,NA,3,3,NA,NA
2020-04-16,"New Jersey",75317,3518,4287,NA,NA,0.423,39.1,0.99,0.1,3,NA,NA,362,NA,3,3,NA,NA
2020-04-17,"New Jersey",78467,3840,3150,NA,NA,0.43,38.4,0.98,0.1,3,NA,NA,322,NA,3,3,NA,NA
2020-04-18,"New Jersey",81420,4070,2953,NA,NA,0.399,37.4,0.97,0.1,3,NA,NA,230,NA,3,3,NA,NA
2020-04-19,"New Jersey",85301,4202,3881,NA,NA,0.382,37.7,0.96,0.1,3,NA,NA,132,NA,3,3,NA,NA
2020-04-20,"New Jersey",88806,4377,3505,NA,NA,0.352,39,0.95,0.1,3,NA,NA,175,NA,3,3,NA,NA
2020-04-21,"New Jersey",92387,4753,3581,NA,NA,0.333,37.9,0.94,0.1,3,NA,NA,376,NA,3,3,NA,NA
2020-04-22,"New Jersey",95865,5063,3478,NA,NA,0.335,39.9,0.93,0.1,3,NA,NA,310,NA,3,3,NA,NA
2020-04-23,"New Jersey",99989,5368,4124,NA,NA,0.326,39.7,0.92,0.1,3,NA,NA,305,NA,3,3,NA,NA
2020-04-24,"New Jersey",102196,5617,2207,NA,NA,0.311,38.2,0.91,0.1,3,NA,NA,249,NA,3,3,NA,NA
2020-04-25,"New Jersey",105523,5863,3327,NA,NA,0.322,38.8,0.89,0.1,3,NA,NA,246,NA,3,3,NA,NA
2020-04-26,"New Jersey",109038,5938,3515,NA,NA,0.303,38.2,0.88,0.1,3,NA,NA,75,NA,3,3,NA,NA
2020-04-27,"New Jersey",111188,6044,2150,NA,NA,0.251,36,0.87,0.1,3,NA,NA,106,NA,3,3,NA,NA
2020-04-28,"New Jersey",113856,6442,2668,NA,NA,0.237,34.5,0.86,0.1,3,NA,NA,398,NA,3,3,NA,NA
2020-04-29,"New Jersey",116264,6770,2408,NA,NA,0.239,32.8,0.84,0.1,3,NA,NA,328,NA,3,3,NA,NA
2020-04-30,"New Jersey",118652,7228,2388,NA,NA,0.235,30,0.83,0.1,3,NA,NA,458,NA,3,3,NA,NA
2020-05-01,"New Jersey",121190,7538,2538,NA,NA,0.235,30.5,0.82,0.1,3,NA,NA,310,NA,3,3,NA,NA
2020-05-02,"New Jersey",123717,7742,2527,NA,NA,0.234,29.3,0.81,0.1,3,NA,NA,204,NA,3,3,NA,NA
2020-05-03,"New Jersey",126744,7871,3027,NA,NA,0.23,28.5,0.8,0.1,3,NA,NA,129,NA,3,3,NA,NA
2020-05-04,"New Jersey",128269,7910,1525,NA,NA,0.228,27.5,0.79,0.1,3,NA,NA,39,NA,3,3,NA,NA
2020-05-05,"New Jersey",130593,8244,2324,NA,NA,0.222,26.9,0.78,0.1,3,NA,NA,334,NA,3,3,NA,NA
2020-05-06,"New Jersey",131890,8549,1297,NA,NA,0.211,25.1,0.78,0.1,3,NA,NA,305,NA,3,3,NA,NA
2020-05-07,"New Jersey",133635,8801,1745,NA,NA,0.199,24.1,0.77,0.1,2,NA,NA,252,NA,2,3,NA,NA
2020-05-08,"New Jersey",135454,8952,1819,NA,NA,0.185,22.9,0.77,0.1,2,NA,NA,151,NA,2,3,NA,NA
2020-05-09,"New Jersey",137085,9116,1631,NA,NA,0.175,21.5,0.77,0.1,2,NA,NA,164,NA,2,3,NA,NA
2020-05-10,"New Jersey",138532,9255,1447,NA,NA,0.172,19,0.77,0.1,2,NA,NA,139,NA,2,3,NA,NA
2020-05-11,"New Jersey",139945,9310,1413,NA,NA,0.164,18.8,0.78,0.1,2,NA,NA,55,NA,2,3,NA,NA
2020-05-12,"New Jersey",140743,9508,798,NA,NA,0.15,16.3,0.78,0.1,2,NA,NA,198,NA,2,3,NA,NA
2020-05-13,"New Jersey",141560,9702,817,NA,NA,0.141,15.6,0.79,0.1,2,NA,NA,194,NA,2,3,NA,NA
2020-05-14,"New Jersey",142704,9946,1144,NA,NA,0.132,14.6,0.79,0.1,2,NA,NA,244,NA,2,3,NA,NA
2020-05-15,"New Jersey",143905,10138,1201,NA,NA,0.12,13.6,0.8,0.1,2,NA,NA,192,NA,2,3,NA,NA
2020-05-16,"New Jersey",145089,10249,1184,NA,NA,0.113,12.9,0.81,0.1,2,NA,NA,111,NA,2,3,NA,NA
2020-05-17,"New Jersey",146334,10356,1245,NA,NA,0.109,12.5,0.82,0.1,2,NA,NA,107,NA,2,3,NA,NA
2020-05-18,"New Jersey",148039,10435,1705,NA,NA,0.103,13,0.82,0.1,2,NA,NA,79,NA,2,3,NA,NA
2020-05-19,"New Jersey",149013,10586,974,NA,NA,0.099,13.3,0.83,0.1,2,NA,NA,151,NA,2,2,NA,NA
2020-05-20,"New Jersey",150399,10747,1386,NA,NA,0.084,14.2,0.83,0.1,2,NA,NA,161,NA,2,2,NA,NA
2020-05-21,"New Jersey",151472,10843,1073,NA,NA,0.07,14.1,0.83,0.1,2,NA,NA,96,NA,2,2,NA,NA
2020-05-22,"New Jersey",152719,10985,1247,NA,NA,0.065,14.2,0.84,0.1,2,NA,NA,142,NA,2,2,NA,NA
2020-05-23,"New Jersey",153104,11081,385,NA,NA,0.062,12.9,0.83,0.1,2,NA,NA,96,NA,2,2,NA,NA
2020-05-24,"New Jersey",154154,11133,1050,NA,NA,0.06,12.6,0.83,0.1,2,NA,NA,52,NA,2,2,NA,NA
2020-05-25,"New Jersey",155092,11144,938,NA,NA,0.057,11.3,0.83,0.1,2,NA,NA,11,NA,2,2,NA,NA
2020-05-26,"New Jersey",155764,11191,672,NA,NA,0.052,10.9,0.82,0.1,2,NA,NA,47,NA,2,2,NA,NA
2020-05-27,"New Jersey",156628,11339,864,NA,NA,0.05,10,0.82,0.1,1,NA,NA,148,NA,1,2,NA,NA
2020-05-28,"New Jersey",157815,11401,1187,NA,NA,0.05,10.2,0.81,0.1,2,NA,NA,62,NA,2,2,NA,NA
2020-05-29,"New Jersey",158844,11531,1029,NA,NA,0.047,9.9,0.8,0.1,1,NA,NA,130,NA,1,2,NA,NA
2020-05-30,"New Jersey",159608,11634,764,NA,NA,0.046,10.5,0.79,0.1,2,NA,NA,103,NA,2,2,NA,NA
2020-05-31,"New Jersey",160445,11698,837,NA,NA,0.045,10.1,0.79,0.1,2,NA,NA,64,NA,2,2,NA,NA
2020-06-01,"New Jersey",160918,11721,473,NA,NA,0.044,9.4,0.78,0.1,1,NA,NA,23,NA,1,2,NA,NA
2020-06-02,"New Jersey",161545,11770,627,NA,NA,0.042,9.3,0.77,0.1,1,NA,NA,49,NA,1,2,NA,NA
2020-06-03,"New Jersey",162068,11880,523,NA,NA,0.041,8.7,0.76,0.1,1,NA,NA,110,NA,1,2,NA,NA
2020-06-04,"New Jersey",162530,11970,462,NA,NA,0.04,7.6,0.76,0.1,1,NA,NA,90,NA,1,2,NA,NA
2020-06-05,"New Jersey",163336,12049,806,NA,NA,0.038,7.2,0.76,0.1,1,NA,NA,79,NA,1,2,NA,NA
2020-06-06,"New Jersey",163893,12106,557,NA,NA,0.037,6.9,0.76,0.1,1,NA,NA,57,NA,1,1,NA,NA
2020-06-07,"New Jersey",164164,12176,271,NA,NA,0.037,6,0.76,0.1,1,NA,NA,70,NA,1,1,NA,NA
2020-06-08,"New Jersey",164497,12214,333,NA,NA,0.036,5.8,0.76,0.1,1,NA,NA,38,NA,1,1,NA,NA
2020-06-09,"New Jersey",164796,12303,299,NA,NA,0.035,5.2,0.76,0.1,1,NA,NA,89,NA,1,1,NA,NA
2020-06-10,"New Jersey",165346,12377,550,NA,NA,0.034,5.3,0.77,0.1,1,NA,NA,74,NA,1,1,NA,NA
2020-06-11,"New Jersey",165816,12443,470,NA,NA,0.033,5.3,0.77,0.1,1,NA,NA,66,NA,1,1,NA,NA
2020-06-12,"New Jersey",166164,12489,348,NA,NA,0.031,4.5,0.78,0.1,1,NA,NA,46,NA,1,1,NA,NA
2020-06-13,"New Jersey",166605,12589,441,NA,NA,0.03,4.4,0.79,0.1,1,NA,NA,100,NA,1,1,NA,NA
2020-06-14,"New Jersey",166881,12625,276,NA,NA,0.029,4.4,0.8,0.1,1,NA,NA,36,NA,1,1,NA,NA
2020-06-15,"New Jersey",167103,12676,222,NA,NA,0.029,4.2,0.81,0.1,1,NA,NA,51,NA,1,1,NA,NA
2020-06-16,"New Jersey",167426,12727,323,NA,NA,0.028,4.2,0.83,0.1,1,NA,NA,51,NA,1,1,NA,NA
2020-06-17,"New Jersey",167703,12769,277,NA,NA,0.027,3.8,0.84,0.1,1,NA,NA,42,NA,1,1,NA,NA
2020-06-18,"New Jersey",168107,12800,404,NA,NA,0.026,3.7,0.85,0.1,1,NA,NA,31,NA,1,1,NA,NA
2020-06-19,"New Jersey",168496,12835,389,NA,NA,0.026,3.8,0.87,0.1,1,NA,NA,35,NA,1,1,NA,NA
2020-06-20,"New Jersey",168834,12857,338,NA,NA,0.025,3.6,0.88,0.1,1,NA,NA,22,NA,1,1,NA,NA
2020-06-21,"New Jersey",169142,12870,308,NA,NA,0.025,3.6,0.89,0.1,1,NA,NA,13,NA,1,1,NA,NA
2020-06-22,"New Jersey",169415,12895,273,NA,NA,0.025,3.7,0.9,0.1,1,NA,NA,25,NA,1,1,NA,NA
2020-06-23,"New Jersey",169734,12949,319,NA,NA,0.025,3.7,0.92,0.1,1,NA,NA,54,NA,1,1,NA,NA
2020-06-24,"New Jersey",169892,12995,158,NA,NA,0.025,3.5,0.93,0.1,1,NA,NA,46,NA,1,1,NA,NA
2020-06-25,"New Jersey",172050,14872,NA,NA,NA,0.025,NA,0.94,0.1,1,NA,NA,NA,NA,1,1,NA,NA
2020-06-26,"New Jersey",172438,14914,388,NA,NA,0.024,3.3,0.95,0.1,1,NA,NA,42,NA,1,1,NA,NA
2020-06-27,"New Jersey",172727,14948,289,NA,NA,0.024,3.3,0.96,0.1,1,NA,NA,34,NA,1,1,NA,NA
2020-06-28,"New Jersey",173036,14975,309,NA,NA,0.024,3.3,0.96,0.1,1,NA,NA,27,NA,1,1,NA,NA
2020-06-29,"New Jersey",173126,14992,90,NA,NA,0.024,2.9,0.97,0.1,1,NA,NA,17,NA,1,1,NA,NA
2020-06-30,"New Jersey",173521,15035,395,NA,NA,0.024,3.1,0.97,0.1,1,NA,NA,43,NA,1,1,NA,NA
2020-07-01,"New Jersey",173782,15078,261,NA,NA,0.024,3.2,0.98,0.1,1,NA,NA,43,NA,1,1,NA,NA
2020-07-02,"New Jersey",174212,15107,430,NA,NA,0.024,3.5,0.98,0.1,1,NA,NA,29,NA,1,1,NA,NA
2020-07-03,"New Jersey",174598,15164,386,NA,NA,0.025,3.5,0.98,0.1,1,NA,NA,57,NA,1,1,NA,NA
2020-07-04,"New Jersey",174889,15189,291,NA,NA,0.025,3.5,0.98,0.1,1,NA,NA,25,NA,1,1,NA,NA
2020-07-05,"New Jersey",175258,15211,369,NA,NA,0.026,3.6,0.98,0.1,1,NA,NA,22,NA,1,1,NA,NA
2020-07-06,"New Jersey",175467,15229,209,NA,NA,0.026,3.8,0.98,0.1,1,NA,NA,18,NA,1,1,NA,NA
2020-07-07,"New Jersey",175734,15281,267,NA,NA,0.025,3.6,0.98,0.1,1,NA,NA,52,NA,1,1,NA,NA
2020-07-08,"New Jersey",175986,15423,252,NA,NA,0.025,3.5,0.98,0.1,1,NA,NA,142,NA,1,1,NA,NA
2020-07-09,"New Jersey",176217,15448,231,NA,NA,0.024,3.2,0.99,0.1,1,NA,NA,25,NA,1,1,NA,NA
2020-07-10,"New Jersey",176575,15479,358,NA,NA,0.024,3.2,0.99,0.1,1,NA,NA,31,NA,1,1,NA,NA
2020-07-11,"New Jersey",176906,15525,331,NA,NA,0.023,3.2,0.99,0.1,1,NA,NA,46,NA,1,1,NA,NA
2020-07-12,"New Jersey",177245,15525,339,NA,NA,0.023,3.2,1,0.1,1,NA,NA,0,NA,1,1,NA,NA
2020-07-13,"New Jersey",177469,15560,224,NA,NA,0.023,3.2,1,0.1,1,NA,NA,35,NA,1,1,NA,NA
2020-07-14,"New Jersey",177862,15582,393,NA,NA,0.023,3.4,1.01,0.1,1,NA,NA,22,NA,1,1,NA,NA
2020-07-15,"New Jersey",178252,15634,390,NA,NA,0.023,3.6,1.02,0.1,1,NA,NA,52,NA,1,1,NA,NA
2020-07-16,"New Jersey",178475,15665,223,NA,NA,0.024,3.6,1.03,0.1,1,NA,NA,31,NA,1,1,NA,NA
2020-07-17,"New Jersey",178525,15684,50,NA,NA,0.024,3.1,1.04,0.1,1,NA,NA,19,NA,1,1,NA,NA
2020-07-18,"New Jersey",178788,15699,263,NA,NA,0.024,3,1.06,0.1,1,NA,NA,15,NA,1,1,NA,NA
2020-07-19,"New Jersey",178757,15706,NA,NA,NA,0.024,NA,1.07,0.1,1,NA,NA,7,NA,1,1,NA,NA
2020-07-20,"New Jersey",178937,15715,180,NA,NA,0.024,2.8,1.08,0.1,1,NA,NA,9,NA,1,1,NA,NA
2020-07-21,"New Jersey",179230,15737,293,NA,NA,0.023,2.6,1.08,0.1,1,NA,NA,22,NA,1,1,NA,NA
2020-07-22,"New Jersey",179565,15707,335,NA,NA,0.022,2.5,1.09,0.1,1,NA,NA,NA,NA,1,1,NA,NA
2020-07-23,"New Jersey",179807,15730,242,NA,NA,0.022,2.6,1.09,0.11,1,NA,NA,23,NA,1,1,NA,NA
2020-07-24,"New Jersey",180265,15765,458,NA,NA,0.021,3.3,1.09,0.1,1,NA,NA,35,NA,1,1,NA,NA
2020-07-25,"New Jersey",180778,15776,513,NA,NA,0.021,3.8,1.09,0.1,1,NA,NA,11,NA,1,1,NA,NA
2020-07-26,"New Jersey",181283,15787,505,NA,NA,0.021,4.1,1.09,0.1,1,NA,NA,11,NA,1,1,NA,NA
2020-07-27,"New Jersey",181732,15804,449,NA,NA,0.021,4.5,1.08,0.1,1,NA,NA,17,NA,1,1,NA,NA
2020-07-28,"New Jersey",182215,15825,483,NA,NA,0.021,4.8,1.07,0.1,1,NA,NA,21,NA,1,1,NA,NA
2020-07-29,"New Jersey",182641,15798,426,NA,NA,0.021,4.9,1.06,0.1,1,NA,NA,NA,NA,1,1,NA,NA
2020-07-30,"New Jersey",182845,15809,204,NA,NA,0.021,4.9,1.05,0.1,1,NA,NA,11,NA,1,1,NA,NA
2020-07-31,"New Jersey",183535,15819,690,NA,NA,0.021,5.3,1.04,0.1,1,NA,NA,10,NA,1,1,NA,NA
2020-08-01,"New Jersey",183904,15830,369,NA,NA,0.021,5,1.03,0.1,1,NA,NA,11,NA,1,1,NA,NA
2020-08-02,"New Jersey",184225,15836,321,NA,NA,0.021,4.7,1.02,0.1,1,NA,NA,6,NA,1,1,NA,NA
2020-08-03,"New Jersey",184489,15846,264,NA,NA,0.021,4.4,1.01,0.1,1,NA,NA,10,NA,1,1,NA,NA
2020-08-04,"New Jersey",184845,15857,356,NA,NA,0.02,4.2,1,0.1,1,NA,NA,11,NA,1,1,NA,NA
2020-08-05,"New Jersey",185180,15842,335,NA,NA,0.02,4.1,0.99,0.1,1,NA,NA,NA,NA,1,1,NA,NA
2020-08-06,"New Jersey",185554,15849,374,NA,NA,0.02,4.4,0.98,0.1,1,NA,NA,7,NA,1,1,NA,NA
2020-08-07,"New Jersey",185914,15860,360,NA,NA,0.02,3.8,0.97,0.1,1,NA,NA,11,NA,1,1,NA,NA
2020-08-08,"New Jersey",186282,15869,368,NA,NA,0.02,3.8,0.96,0.1,1,NA,NA,9,NA,1,1,NA,NA
2020-08-09,"New Jersey",186626,15874,344,NA,NA,0.02,3.9,0.96,0.1,1,NA,NA,5,NA,1,1,NA,NA
2020-08-10,"New Jersey",186884,15878,258,NA,NA,0.019,3.9,0.95,0.1,1,NA,NA,4,NA,1,1,NA,NA
2020-08-11,"New Jersey",187328,15890,444,NA,NA,0.019,4,0.95,0.1,1,NA,NA,12,NA,1,1,NA,NA
2020-08-12,"New Jersey",187777,15885,449,NA,NA,0.02,4.2,0.94,0.1,1,NA,NA,NA,NA,1,1,NA,NA
2020-08-13,"New Jersey",188433,15893,656,NA,NA,0.02,4.6,0.94,0.1,1,NA,NA,8,NA,1,1,NA,NA
2020-08-14,"New Jersey",189003,15903,570,NA,NA,0.02,5,0.93,0.1,1,NA,NA,10,NA,1,1,NA,NA
2020-08-15,"New Jersey",189281,15910,278,NA,NA,0.02,4.8,0.93,0.1,1,NA,NA,7,NA,1,1,NA,NA
2020-08-16,"New Jersey",189294,15912,13,NA,NA,0.019,4.3,0.93,0.1,1,NA,NA,2,NA,1,1,NA,NA
2020-08-17,"New Jersey",189606,15916,312,NA,NA,0.019,4.4,0.93,0.1,1,NA,NA,4,NA,1,1,NA,NA
2020-08-18,"New Jersey",189937,15925,331,NA,NA,0.018,4.2,0.93,0.1,1,NA,NA,9,NA,1,1,NA,NA
2020-08-19,"New Jersey",190256,15926,319,NA,NA,0.016,4,0.93,0.1,1,NA,NA,1,NA,1,1,NA,NA
2020-08-20,"New Jersey",190356,15932,100,NA,NA,0.016,3.1,0.94,0.1,1,NA,NA,6,NA,1,1,NA,NA
2020-08-21,"New Jersey",190646,15941,290,NA,NA,0.015,2.6,0.94,0.1,1,NA,NA,9,NA,1,1,NA,NA
2020-08-22,"New Jersey",191175,15943,529,NA,NA,0.015,3,0.95,0.1,1,NA,NA,2,NA,1,1,NA,NA
2020-08-23,"New Jersey",191323,15946,148,NA,NA,0.015,3.3,0.96,0.1,1,NA,NA,3,NA,1,1,NA,NA
2020-08-24,"New Jersey",191548,15946,225,NA,NA,0.016,3.1,0.97,0.1,1,NA,NA,0,NA,1,1,NA,NA
2020-08-25,"New Jersey",191850,15953,302,NA,NA,0.016,3.1,0.98,0.1,1,NA,NA,7,NA,1,1,NA,NA
2020-08-26,"New Jersey",192086,15914,236,NA,NA,0.016,2.9,1,0.1,1,NA,NA,NA,NA,1,1,NA,NA
2020-08-27,"New Jersey",192393,15921,307,NA,NA,0.017,3.3,1.01,0.1,1,NA,NA,7,NA,1,1,NA,NA
2020-08-28,"New Jersey",192751,15930,358,NA,NA,0.016,3.4,1.02,0.1,1,NA,NA,9,NA,1,1,NA,NA
2020-08-29,"New Jersey",193100,15933,349,NA,NA,0.017,3.1,1.03,0.1,1,NA,NA,3,NA,1,1,NA,NA
2020-08-30,"New Jersey",193391,15937,291,NA,NA,0.017,3.3,1.04,0.1,1,NA,NA,4,NA,1,1,NA,NA
2020-08-31,"New Jersey",193740,15945,349,NA,NA,0.017,3.5,1.05,0.1,1,NA,NA,8,NA,1,1,NA,NA
2020-09-01,"New Jersey",194070,15950,330,NA,NA,0.017,3.6,1.05,0.1,1,NA,NA,5,NA,1,1,NA,NA
2020-09-02,"New Jersey",194378,15964,308,NA,NA,0.018,3.7,1.06,0.1,1,NA,NA,14,NA,1,1,NA,NA
2020-09-03,"New Jersey",194756,15971,378,NA,NA,0.019,3.8,1.07,0.1,1,NA,NA,7,NA,1,1,NA,NA
2020-09-04,"New Jersey",195205,15978,449,NA,NA,0.019,3.9,1.07,0.1,1,NA,NA,7,NA,1,1,NA,NA
2020-09-05,"New Jersey",195530,15985,325,NA,NA,0.02,3.9,1.07,0.1,1,NA,NA,7,NA,1,1,NA,NA
2020-09-06,"New Jersey",195841,15989,311,NA,NA,0.02,3.9,1.08,0.1,1,NA,NA,4,NA,1,1,NA,NA
2020-09-07,"New Jersey",196173,15991,332,NA,NA,0.02,3.9,1.08,0.1,1,NA,NA,2,NA,1,1,NA,NA
2020-09-08,"New Jersey",196450,15996,277,NA,NA,0.02,3.8,1.08,0.1,1,NA,NA,5,NA,1,1,NA,NA
2020-09-09,"New Jersey",196779,16009,329,NA,NA,0.02,3.9,1.08,0.1,1,NA,NA,13,NA,1,1,NA,NA
2020-09-10,"New Jersey",197203,16014,424,NA,NA,0.02,3.9,1.09,0.1,1,NA,NA,5,NA,1,1,NA,NA
2020-09-11,"New Jersey",197677,16023,474,NA,NA,0.02,4,1.09,0.1,1,NA,NA,9,NA,1,1,NA,NA
2020-09-12,"New Jersey",198126,16027,449,NA,NA,0.02,4.2,1.09,0.1,1,NA,NA,4,NA,1,1,NA,NA
2020-09-13,"New Jersey",198423,16031,297,NA,NA,0.02,4.2,1.1,0.1,1,NA,NA,4,NA,1,1,NA,NA
2020-09-14,"New Jersey",198757,16034,334,NA,NA,0.02,4.2,1.1,0.1,1,NA,NA,3,NA,1,1,NA,NA
2020-09-15,"New Jersey",199193,16043,436,NA,NA,0.021,4.4,1.11,0.1,1,NA,NA,9,NA,1,1,NA,NA
2020-09-16,"New Jersey",199583,16054,390,NA,NA,0.021,4.5,1.11,0.1,1,NA,NA,11,NA,1,1,NA,NA
2020-09-17,"New Jersey",200152,16057,569,NA,NA,0.02,4.7,1.11,0.1,1,NA,NA,3,NA,1,1,NA,NA
2020-09-18,"New Jersey",200639,16061,487,NA,NA,0.02,4.8,1.12,0.1,1,NA,NA,4,NA,1,1,NA,NA
2020-09-19,"New Jersey",201100,16064,461,NA,NA,0.02,4.8,1.12,0.1,1,NA,NA,3,NA,1,1,NA,NA
2020-09-20,"New Jersey",201553,16067,453,NA,NA,0.02,5,1.13,0.1,1,NA,NA,3,NA,1,1,NA,NA
2020-09-21,"New Jersey",201945,16069,392,NA,NA,0.02,5.1,1.13,0.1,1,NA,NA,2,NA,1,1,NA,NA
2020-09-22,"New Jersey",202371,16076,426,NA,NA,0.021,5.1,1.13,0.1,2,NA,NA,7,NA,1,1,NA,NA
2020-09-23,"New Jersey",202779,16082,408,NA,NA,0.022,5.1,1.14,0.1,2,NA,NA,6,NA,1,1,NA,NA
2020-09-24,"New Jersey",203343,16091,564,NA,NA,0.023,5.1,1.14,0.1,2,NA,NA,9,NA,1,1,NA,NA
2020-09-25,"New Jersey",203891,16097,548,NA,NA,0.024,5.2,1.14,0.1,2,NA,NA,6,NA,1,1,NA,NA
2020-09-26,"New Jersey",204641,16103,750,NA,NA,0.025,5.7,1.14,0.1,2,NA,NA,6,NA,1,1,NA,NA
2020-09-27,"New Jersey",205339,16106,698,NA,NA,0.025,6.1,1.14,0.1,2,NA,NA,3,NA,1,1,NA,NA
2020-09-28,"New Jersey",205898,16107,559,NA,NA,0.027,6.4,1.14,0.1,2,NA,NA,1,NA,1,1,NA,NA
2020-09-29,"New Jersey",206354,16117,456,NA,NA,0.028,6.4,1.14,0.1,2,NA,NA,10,NA,1,1,NA,NA
2020-09-30,"New Jersey",207062,16122,708,NA,NA,0.029,6.9,1.14,0.1,2,NA,NA,5,NA,1,1,NA,NA
2020-10-01,"New Jersey",207676,16127,614,NA,NA,0.031,7,1.14,0.1,2,NA,NA,5,NA,1,1,NA,NA
2020-10-02,"New Jersey",208416,16131,740,NA,NA,0.032,7.3,1.14,0.1,2,NA,NA,4,NA,1,2,NA,NA
2020-10-03,"New Jersey",209363,16135,947,NA,NA,0.032,7.6,1.13,0.1,2,NA,NA,4,NA,1,2,NA,NA
2020-10-04,"New Jersey",209989,16136,626,NA,NA,0.031,7.5,1.13,0.1,2,NA,NA,1,NA,1,2,NA,NA
2020-10-05,"New Jersey",210500,16138,511,NA,NA,0.029,7.4,1.13,0.1,2,NA,NA,2,NA,1,2,NA,NA
2020-10-06,"New Jersey",211129,16147,629,NA,NA,0.029,7.7,1.13,0.1,2,NA,NA,9,NA,1,2,NA,NA
2020-10-07,"New Jersey",211638,16152,509,NA,NA,0.029,7.4,1.13,0.1,2,NA,NA,5,NA,1,2,NA,NA
2020-10-08,"New Jersey",212936,16161,1298,NA,NA,0.028,8.5,1.13,0.1,2,NA,NA,9,NA,1,2,NA,NA
2020-10-09,"New Jersey",213801,16164,865,NA,NA,0.028,8.7,1.13,0.1,2,NA,NA,3,NA,1,2,NA,NA
2020-10-10,"New Jersey",214665,16171,864,NA,NA,0.028,8.5,1.13,0.1,2,NA,NA,7,NA,1,2,NA,NA
2020-10-11,"New Jersey",215416,16174,751,NA,NA,0.03,8.7,1.14,0.1,2,NA,NA,3,NA,1,2,NA,NA
2020-10-12,"New Jersey",215885,16175,469,NA,NA,0.03,8.7,1.14,0.1,2,NA,NA,1,NA,1,2,NA,NA
2020-10-13,"New Jersey",216873,16182,988,NA,NA,0.031,9.2,1.14,0.1,2,NA,NA,7,NA,1,2,NA,NA
2020-10-14,"New Jersey",217812,16191,939,NA,NA,0.032,9.9,1.15,0.1,2,NA,NA,9,NA,1,2,NA,NA
2020-10-15,"New Jersey",218783,16197,971,NA,NA,0.032,9.4,1.15,0.1,2,NA,NA,6,NA,1,2,NA,NA
2020-10-16,"New Jersey",219593,16202,810,NA,NA,0.033,9.3,1.15,0.1,2,NA,NA,5,NA,1,2,NA,NA
2020-10-17,"New Jersey",220527,16204,934,NA,NA,0.034,9.4,1.16,0.1,2,NA,NA,2,NA,1,2,NA,NA
2020-10-18,"New Jersey",221802,16211,1275,NA,NA,0.035,10.3,1.16,0.1,2,NA,NA,7,NA,2,2,NA,NA
2020-10-19,"New Jersey",222994,16214,1192,NA,NA,0.036,11.4,1.17,0.1,2,NA,NA,3,NA,2,2,NA,NA
2020-10-20,"New Jersey",223982,16227,988,NA,NA,0.037,11.4,1.17,0.1,2,NA,NA,13,NA,2,2,NA,NA
2020-10-21,"New Jersey",225012,16245,1030,NA,NA,0.038,11.6,1.18,0.1,2,NA,NA,18,NA,2,2,NA,NA
2020-10-22,"New Jersey",226174,16263,1162,NA,NA,0.041,11.9,1.18,0.1,2,NA,NA,18,NA,2,2,NA,NA
2020-10-23,"New Jersey",227219,16273,1045,NA,NA,0.042,12.3,1.18,0.1,2,NA,NA,10,NA,2,2,NA,NA
2020-10-24,"New Jersey",229128,16281,1909,NA,NA,0.043,13.8,1.19,0.1,2,NA,NA,8,NA,2,2,NA,NA
2020-10-25,"New Jersey",230257,16285,1129,NA,NA,0.044,13.6,1.19,0.1,2,NA,NA,4,NA,2,2,NA,NA
2020-10-26,"New Jersey",231473,16292,1216,NA,NA,0.047,13.6,1.2,0.1,2,NA,NA,7,NA,2,2,NA,NA
2020-10-27,"New Jersey",233120,16306,1647,NA,NA,0.049,14.7,1.2,0.1,2,NA,NA,14,NA,2,3,NA,NA
2020-10-28,"New Jersey",234790,16324,1670,NA,NA,0.05,15.7,1.21,0.1,2,NA,NA,18,NA,2,3,NA,NA
2020-10-29,"New Jersey",236340,16332,1550,NA,NA,0.052,16.4,1.21,0.1,2,NA,NA,8,NA,2,3,NA,NA
2020-10-30,"New Jersey",238316,16339,1976,NA,NA,0.053,17.8,1.22,0.1,2,NA,NA,7,NA,2,3,NA,NA
2020-10-31,"New Jersey",239679,16350,1363,NA,NA,0.055,17,1.22,0.1,2,NA,NA,11,NA,2,3,NA,NA
2020-11-01,"New Jersey",241422,16354,1743,NA,NA,0.056,18,1.23,0.1,2,NA,NA,4,NA,2,3,NA,NA
2020-11-02,"New Jersey",242790,16357,1368,NA,NA,0.057,18.2,1.23,0.1,2,NA,NA,3,NA,2,3,NA,NA
2020-11-03,"New Jersey",244614,16371,1824,NA,NA,0.06,18.5,1.23,0.1,2,NA,NA,14,NA,2,3,NA,NA
2020-11-04,"New Jersey",247057,16391,2443,NA,NA,0.064,19.7,1.24,0.1,2,NA,NA,20,NA,2,3,NA,NA
2020-11-05,"New Jersey",249019,16403,1962,NA,NA,0.068,20.4,1.24,0.1,2,NA,NA,12,NA,2,3,NA,NA
2020-11-06,"New Jersey",251180,16416,2161,NA,NA,0.072,20.7,1.24,0.1,2,NA,NA,13,NA,2,3,NA,NA
2020-11-07,"New Jersey",254382,16425,3202,NA,NA,0.075,23.6,1.24,0.1,2,NA,NA,9,NA,2,3,NA,NA
2020-11-08,"New Jersey",256395,16429,2013,NA,NA,0.078,24.1,1.24,0.1,2,NA,NA,4,NA,2,3,NA,NA
2020-11-09,"New Jersey",258453,16440,2058,NA,NA,0.082,25.2,1.23,0.1,3,NA,NA,11,NA,3,3,NA,NA
2020-11-10,"New Jersey",262230,16461,3777,NA,NA,0.087,28.3,1.23,0.1,3,NA,NA,21,NA,3,3,NA,NA
2020-11-11,"New Jersey",265295,16476,3065,NA,NA,0.09,29.3,1.22,0.1,3,NA,NA,15,NA,3,3,NA,NA
2020-11-12,"New Jersey",268787,16495,3492,NA,NA,0.093,31.8,1.21,0.1,3,NA,NA,19,NA,3,3,NA,NA
2020-11-13,"New Jersey",272184,16522,3397,NA,NA,0.094,33.8,1.2,0.1,3,NA,NA,27,NA,3,3,NA,NA
2020-11-14,"New Jersey",276537,16548,4353,NA,NA,0.096,35.6,1.19,0.1,3,NA,NA,26,NA,3,3,NA,NA
2020-11-15,"New Jersey",281075,16566,4538,NA,NA,0.096,39.7,1.17,0.1,3,NA,NA,18,NA,3,3,NA,NA
2020-11-16,"New Jersey",283294,16580,2219,NA,NA,0.093,40,1.16,0.1,3,NA,NA,14,NA,3,3,NA,NA
2020-11-17,"New Jersey",287320,16618,4026,NA,NA,0.093,40.4,1.15,0.1,3,NA,NA,38,NA,3,3,NA,NA
2020-11-18,"New Jersey",291374,16655,4054,NA,NA,0.093,41.9,1.14,0.1,3,NA,NA,37,NA,3,3,NA,NA
2020-11-19,"New Jersey",295556,16689,4182,NA,NA,0.094,43.1,1.12,0.1,3,NA,NA,34,NA,3,3,NA,NA
2020-11-20,"New Jersey",299182,16712,3626,NA,NA,0.096,43.4,1.11,0.1,3,NA,NA,23,NA,3,3,NA,NA
2020-11-21,"New Jersey",303851,16746,4669,NA,NA,0.096,43.9,1.1,0.1,3,NA,NA,34,NA,3,3,NA,NA
2020-11-22,"New Jersey",307819,16761,3968,NA,NA,0.096,43,1.09,0.1,3,NA,NA,15,NA,3,3,NA,NA
2020-11-23,"New Jersey",311400,16772,3581,NA,NA,0.1,45.2,1.09,0.1,3,NA,NA,11,NA,3,3,NA,NA
2020-11-24,"New Jersey",315675,16819,4275,NA,NA,0.099,45.6,1.08,0.1,3,NA,NA,47,NA,3,3,NA,NA
2020-11-25,"New Jersey",319734,16886,4059,NA,NA,0.1,45.6,1.07,0.1,3,NA,NA,67,NA,3,3,NA,NA
2020-11-26,"New Jersey",324207,16925,4473,NA,NA,0.1,46.1,1.07,0.1,3,NA,NA,39,NA,3,3,NA,NA
2020-11-27,"New Jersey",328302,16942,4095,NA,NA,0.101,46.8,1.07,0.1,3,NA,NA,17,NA,3,3,NA,NA
2020-11-28,"New Jersey",332104,16965,3802,NA,NA,0.103,45.4,1.07,0.1,3,NA,NA,23,NA,3,3,NA,NA
2020-11-29,"New Jersey",335943,16978,3839,NA,NA,0.106,45.2,1.06,0.1,3,NA,NA,13,NA,3,3,NA,NA
2020-11-30,"New Jersey",339133,16993,3190,NA,NA,0.104,44.6,1.06,0.1,3,NA,NA,15,NA,3,3,NA,NA
2020-12-01,"New Jersey",343739,17083,4606,NA,NA,0.109,45.1,1.06,0.1,3,NA,NA,90,NA,3,3,NA,NA
2020-12-02,"New Jersey",348042,17145,4303,NA,NA,0.112,45.5,1.06,0.1,3,NA,NA,62,NA,3,3,NA,NA
2020-12-03,"New Jersey",352835,17209,4793,NA,NA,0.115,46,1.06,0.1,3,NA,NA,64,NA,3,3,NA,NA
2020-12-04,"New Jersey",358498,17255,5663,NA,NA,0.116,48.6,1.05,0.1,3,NA,NA,46,NA,3,3,NA,NA
2020-12-05,"New Jersey",363822,17306,5324,NA,NA,0.115,51,1.05,0.1,3,NA,NA,51,NA,3,3,NA,NA
2020-12-06,"New Jersey",369852,17321,6030,NA,NA,0.115,54.5,1.04,0.1,3,NA,NA,15,NA,3,3,NA,NA
2020-12-07,"New Jersey",373415,17336,3563,NA,NA,0.116,55.1,1.04,0.1,3,NA,NA,15,NA,3,3,NA,NA
2020-12-08,"New Jersey",378891,17426,5476,NA,NA,0.115,56.5,1.03,0.1,3,NA,NA,90,NA,3,3,NA,NA
2020-12-09,"New Jersey",383354,17542,4463,NA,NA,0.113,56.8,1.02,0.1,3,NA,NA,116,NA,3,3,NA,NA
2020-12-10,"New Jersey",388474,17608,5120,NA,NA,0.112,57.3,1.01,0.1,3,NA,NA,66,NA,3,3,NA,NA
2020-12-11,"New Jersey",392124,17662,3650,NA,NA,0.111,54.1,1.01,0.1,3,NA,NA,54,NA,3,3,NA,NA
2020-12-12,"New Jersey",398364,17732,6240,NA,NA,0.111,55.6,1,0.1,3,NA,NA,70,NA,3,3,NA,NA
2020-12-13,"New Jersey",402518,17751,4154,NA,NA,0.11,52.5,0.99,0.1,3,NA,NA,19,NA,3,3,NA,NA
2020-12-14,"New Jersey",407316,17775,4798,0,0,0.114,54.5,0.99,0.1,3,0,0,24,0,3,3,NA,NA
2020-12-15,"New Jersey",411282,17872,3966,0,0,0.113,52.1,0.98,0.1,3,0,0,97,0,3,3,NA,NA
2020-12-16,"New Jersey",416983,18003,5701,0,0,0.113,54.1,0.97,0.1,3,0,0,131,242,3,3,NA,NA
2020-12-17,"New Jersey",421238,18080,4255,0,0,0.113,52.7,0.97,0.1,3,0,0,77,720,3,3,NA,NA
2020-12-18,"New Jersey",425134,18124,3896,0,0,0.112,53.1,0.97,0.1,3,0,0,44,1818,3,3,NA,NA
2020-12-19,"New Jersey",429325,18173,4191,0,0,0.111,49.8,0.97,0.1,3,0,0,49,5352,3,3,NA,NA
2020-12-20,"New Jersey",434500,18194,5175,0,0,0.111,51.4,0.97,0.1,3,0,0,21,7876,3,3,NA,NA
2020-12-21,"New Jersey",437671,18223,3171,0,0,0.107,48.8,0.97,0.1,3,0,0,29,9173,3,3,NA,NA
2020-12-22,"New Jersey",442274,18326,4603,0,0,0.106,49.8,0.98,0.1,3,0,0,103,9173,3,3,NA,NA
2020-12-23,"New Jersey",447083,18466,4809,0,0,0.106,48.4,0.99,0.1,3,0,0,140,25108,3,3,NA,NA
2020-12-24,"New Jersey",451787,18544,4704,0,0,0.105,49.1,1,0.1,3,0,0,78,35473,3,3,NA,NA
2020-12-25,"New Jersey",456847,18595,5060,0,0,0.104,51,1.01,0.1,3,0,0,51,35473,3,3,NA,NA
2020-12-26,"New Jersey",460846,18613,3999,0,0,0.106,50.7,1.02,0.1,3,0,0,18,41628,3,3,NA,NA
2020-12-27,"New Jersey",463166,18630,2320,0,0,0.106,46.1,1.03,0.1,3,0,0,17,43621,3,3,NA,NA
2020-12-28,"New Jersey",465910,18651,2744,0,0,0.11,45.4,1.04,0.1,3,0,0,21,43621,3,3,NA,NA
2020-12-29,"New Jersey",469567,18777,3657,0,0,0.115,43.9,1.05,0.1,3,0,0,126,53447,3,3,NA,NA
2020-12-30,"New Jersey",474285,18952,4718,0,0,0.12,43.8,1.07,0.1,3,0,0,175,53781,3,3,NA,NA
2020-12-31,"New Jersey",479381,19042,5096,0,0,0.123,44.4,1.08,0.1,3,0,0,90,78838,3,3,NA,NA
2021-01-01,"New Jersey",484882,19160,5501,0,0,0.125,45.1,1.09,0.1,3,0,0,118,92179,3,3,NA,NA
2021-01-02,"New Jersey",490393,19187,5511,0,0,0.125,47.5,1.09,0.1,3,0,0,27,94767,3,3,NA,NA
2021-01-03,"New Jersey",494063,19208,3670,0,0,0.126,49.7,1.1,0.1,3,0,0,21,98818,3,3,NA,NA
2021-01-04,"New Jersey",545155,19244,NA,0,0,0.129,NA,1.1,0.1,3,0,0,36,102628,3,3,NA,NA
2021-01-05,"New Jersey",551419,19382,6264,0,0,0.129,57.7,1.1,0.1,3,0,0,138,120947,3,3,NA,NA
2021-01-06,"New Jersey",557271,19523,5852,0,0,0.125,59.8,1.09,0.1,3,0,0,141,137586,3,3,NA,NA
2021-01-07,"New Jersey",564750,19646,7479,0,0,0.123,64.3,1.09,0.1,3,0,0,123,155458,3,3,NA,NA
2021-01-08,"New Jersey",571771,19756,7021,0,0,0.121,67.2,1.08,0.1,3,0,0,110,175355,3,3,NA,NA
2021-01-09,"New Jersey",579182,19854,7411,0,0,0.12,70.7,1.06,0.1,3,0,0,98,195339,3,3,NA,NA
2021-01-10,"New Jersey",584828,19886,5646,0,0,0.12,74.4,1.05,0.1,3,0,0,32,212615,3,3,NA,NA
2021-01-11,"New Jersey",590165,19932,5337,0,0,0.113,72.4,1.04,0.1,3,0,0,46,220828,3,3,NA,NA
2021-01-12,"New Jersey",594751,20039,4586,0,0,0.111,69.7,1.02,0.1,3,0,0,107,240496,3,3,NA,NA
2021-01-13,"New Jersey",602629,20166,7878,0,0,0.11,73,1.01,0.1,3,0,0,127,262982,3,3,NA,NA
2021-01-14,"New Jersey",609721,20253,7092,0,0,0.109,72.3,0.99,0.1,3,0,0,87,294039,3,3,NA,NA
2021-01-15,"New Jersey",616086,20320,6365,0,0,0.106,71.3,0.98,0.1,3,0,0,67,317070,3,3,NA,NA
2021-01-16,"New Jersey",622085,20414,5999,0,0,0.105,69,0.97,0.1,3,0,0,94,347277,3,3,NA,NA
2021-01-17,"New Jersey",627221,20439,5136,0,0,0.104,68.2,0.96,0.1,3,0,0,25,360065,3,3,NA,NA
2021-01-18,"New Jersey",631074,20458,3853,0,0,0.108,65.8,0.95,0.1,3,0,0,19,375907,3,3,NA,NA
2021-01-19,"New Jersey",635701,20512,4627,0,0,0.107,65.9,0.94,0.1,3,0,0,54,398813,3,3,NA,NA
2021-01-20,"New Jersey",641140,20667,5439,0,0,0.106,61.9,0.93,0.1,3,0,0,155,432220,3,3,NA,NA
2021-01-21,"New Jersey",646188,20760,5048,0,0,0.104,58.7,0.93,0.1,3,0,0,93,432220,3,3,NA,NA
2021-01-22,"New Jersey",650388,20875,4200,0,0,0.104,55.2,0.92,0.1,3,0,0,115,464363,3,3,NA,NA
2021-01-23,"New Jersey",657536,20934,7148,0,0,0.104,57,0.92,0.1,3,0,0,59,500889,3,3,NA,NA
2021-01-24,"New Jersey",662808,20951,5272,0,0,0.104,57.2,0.91,0.1,3,0,0,17,535625,3,3,NA,NA
2021-01-25,"New Jersey",666951,20972,4143,0,0,0.099,57.7,0.91,0.1,3,0,0,21,563141,3,3,NA,NA
2021-01-26,"New Jersey",671727,21105,4776,0,0,0.098,57.9,0.91,0.1,3,0,0,133,575733,3,3,NA,NA
2021-01-27,"New Jersey",676537,21234,4810,0,0,0.096,56.9,0.91,0.1,3,0,0,129,611862,3,3,NA,NA
2021-01-28,"New Jersey",681283,21301,4746,0,0,0.095,56.4,0.9,0.1,3,0,0,67,648215,3,3,NA,NA
2021-01-29,"New Jersey",687269,21383,5986,0,0,0.095,59.3,0.9,0.1,3,0,0,82,727426,3,3,NA,NA
2021-01-30,"New Jersey",692543,21455,5274,0,0,0.094,56.3,0.9,0.1,3,0,0,72,768944,3,3,NA,NA
2021-01-31,"New Jersey",696831,21484,4288,0,0,0.094,54.7,0.9,0.1,3,0,0,29,795440,3,3,NA,NA
2021-02-01,"New Jersey",700346,21513,3515,0,0,0.096,53.7,0.89,0.1,3,0,0,29,810293,3,3,NA,NA
2021-02-02,"New Jersey",703496,21584,3150,0,0,0.096,51.1,0.89,0.1,3,0,0,71,836584,3,3,NA,NA
2021-02-03,"New Jersey",705807,21693,2311,0,0,0.096,47.1,0.89,0.1,3,0,0,109,851721,3,3,NA,NA
2021-02-04,"New Jersey",709096,21793,3289,0,0,0.094,44.7,0.89,0.1,3,0,0,100,851721,3,3,NA,NA
2021-02-05,"New Jersey",713324,21886,4228,0,0,0.093,41.9,0.89,0.1,3,0,0,93,884736,3,3,NA,NA
2021-02-06,"New Jersey",717834,21964,4510,0,0,0.093,40.7,0.89,0.1,3,0,0,78,1041289,3,3,NA,NA
2021-02-07,"New Jersey",722166,21989,4332,0,0,0.092,40.7,0.9,0.1,3,0,0,25,1074805,3,3,NA,NA
2021-02-08,"New Jersey",724727,22011,2561,0,0,0.091,39.2,0.9,0.1,3,0,0,22,1094886,3,3,NA,NA
2021-02-09,"New Jersey",728304,22103,3577,0,0,0.088,39.9,0.9,0.1,3,0,0,92,1096789,3,3,NA,NA
2021-02-10,"New Jersey",732674,22191,4370,0,0,0.085,43.2,0.91,0.1,3,0,0,88,1148733,3,3,NA,NA
2021-02-11,"New Jersey",736330,22329,3656,0,0,0.083,43.8,0.91,0.1,3,0,0,138,1196677,3,3,NA,NA
2021-02-12,"New Jersey",740062,22393,3732,0,0,0.081,43,0.92,0.1,3,0,0,64,1252742,3,3,NA,NA
2021-02-13,"New Jersey",743819,22440,3757,1009463,0,0.079,41.8,0.92,0.1,3,0.114,0,47,1309703,3,3,NA,NA
2021-02-14,"New Jersey",745987,22454,2168,1032944,0,0.078,38.3,0.93,0.1,3,0.116,0,14,1349327,3,3,NA,NA
2021-02-15,"New Jersey",747432,22466,1445,1056298,0,0.078,36.5,0.93,0.1,3,0.119,0,12,1387222,3,3,NA,NA
2021-02-16,"New Jersey",751065,22497,3633,1078345,0,0.079,36.6,0.94,0.1,3,0.121,0,31,1427336,3,3,NA,NA
2021-02-17,"New Jersey",755174,22589,4109,1109400,0,0.079,36.2,0.95,0.1,3,0.125,0,92,1480413,3,3,NA,NA
2021-02-18,"New Jersey",758450,22721,3276,1145501,0,0.079,35.6,0.96,0.1,3,0.129,0,132,1542174,3,3,NA,NA
2021-02-19,"New Jersey",761496,22784,3046,1187504,0,0.079,34.5,0.96,0.1,3,0.134,0,63,1604448,3,3,NA,NA
2021-02-20,"New Jersey",764374,22834,2878,1206106,0,0.078,33.1,0.97,0.1,3,0.136,0,50,1648599,3,3,NA,NA
2021-02-21,"New Jersey",766405,22858,2031,1222150,0,0.079,32.8,0.98,0.1,3,0.138,0,24,1689031,3,3,NA,NA
2021-02-22,"New Jersey",769109,22874,2704,1233939,0,0.077,34.9,0.99,0.1,3,0.139,0,16,1711610,3,3,NA,NA
2021-02-23,"New Jersey",772267,22978,3158,1256071,0,0.074,34.1,0.99,0.1,3,0.141,0,104,1759059,3,3,NA,NA
2021-02-24,"New Jersey",775385,23035,3118,1278650,0,0.073,32.5,1,0.1,3,0.144,0,57,1803596,3,3,NA,NA
2021-02-25,"New Jersey",778960,23105,3575,1310121,0,0.073,33,1.01,0.1,3,0.147,0,70,1866378,3,3,NA,NA
2021-02-26,"New Jersey",782829,23192,3869,1348635,0,0.073,34.3,1.01,0.1,3,0.152,0,87,1943116,3,3,NA,NA
2021-02-27,"New Jersey",786964,23238,4135,1385622,0,0.074,36.3,1.02,0.1,3,0.156,0,46,2008524,3,3,NA,NA
2021-02-28,"New Jersey",789354,23252,2390,1423424,0,0.073,36.9,1.02,0.1,3,0.16,0,14,2065666,3,3,NA,NA
2021-03-01,"New Jersey",792496,23273,3142,1448799,0,0.074,37.6,1.03,0.1,3,0.163,0,21,2096498,3,3,NA,NA
2021-03-02,"New Jersey",795785,23321,3289,1511554,0,0.076,37.8,1.03,0.1,3,0.17,0,48,2187330,3,3,NA,NA
2021-03-03,"New Jersey",799476,23383,3691,1555002,0,0.077,38.7,1.04,0.1,3,0.175,0,62,2249861,3,3,NA,NA
2021-03-04,"New Jersey",802669,23491,3193,1609464,0,0.079,38.1,1.04,0.1,3,0.181,0,108,2325257,3,3,NA,NA
2021-03-05,"New Jersey",806367,23521,3698,1661209,830400,0.08,37.9,1.04,0.1,3,0.187,0.093,30,2403077,3,3,NA,NA
2021-03-06,"New Jersey",810089,23557,3722,1712715,859326,0.08,37.2,1.04,0.1,3,0.193,0.097,36,2478696,3,3,NA,NA
2021-03-07,"New Jersey",812609,23574,2520,1749281,883225,0.081,37.4,1.04,0.1,3,0.197,0.099,17,2534361,3,3,NA,NA
2021-03-08,"New Jersey",814916,23590,2307,1775631,898336,0.081,36.1,1.05,0.1,3,0.2,0.101,16,2571874,3,3,NA,NA
2021-03-09,"New Jersey",819042,23635,4126,1821711,923455,0.08,37.4,1.05,0.1,3,0.205,0.104,45,2639438,3,3,NA,NA
2021-03-10,"New Jersey",822817,23691,3775,1871063,953326,0.081,37.5,1.05,0.1,3,0.211,0.107,56,2714949,3,3,NA,NA
2021-03-11,"New Jersey",826631,23737,3814,1958556,998133,0.08,38.5,1.05,0.1,3,0.221,0.112,46,2834934,3,3,NA,NA
2021-03-12,"New Jersey",830847,23854,4216,2018387,1027702,0.081,39.4,1.05,0.1,3,0.227,0.116,117,2916801,3,3,NA,NA
2021-03-13,"New Jersey",834714,23888,3867,2090835,1063758,0.083,39.6,1.06,0.1,3,0.235,0.12,34,3011319,3,3,NA,NA
2021-03-14,"New Jersey",838024,23903,3310,2126722,1084991,0.084,40.9,1.06,0.1,3,0.239,0.122,15,3065373,3,3,NA,NA
2021-03-15,"New Jersey",840846,23925,2822,2158901,1104854,0.086,41.7,1.06,0.1,3,0.243,0.124,22,3112960,3,3,NA,NA
2021-03-16,"New Jersey",844563,23966,3717,2199384,1129830,0.088,41,1.06,0.1,3,0.248,0.127,41,3174729,3,3,NA,NA
2021-03-17,"New Jersey",848875,24004,4312,2251222,1162372,0.089,41.9,1.06,0.1,3,0.253,0.131,38,3254946,3,3,NA,NA
2021-03-18,"New Jersey",853347,24076,4472,2312582,1197797,0.091,43,1.06,0.1,3,0.26,0.135,72,3346883,3,3,NA,NA
2021-03-19,"New Jersey",857739,24103,4392,2372189,1227118,0.092,43.3,1.06,0.1,3,0.267,0.138,27,3431096,3,3,NA,NA
2021-03-20,"New Jersey",862648,24134,4909,2430590,1258003,0.092,44.9,1.06,0.1,3,0.274,0.142,31,3514899,3,3,NA,NA
2021-03-21,"New Jersey",865886,24174,3238,2475567,1284545,0.092,44.8,1.06,0.1,3,0.279,0.145,40,3581686,3,3,NA,NA
2021-03-22,"New Jersey",869037,24181,3151,2510167,1307969,0.092,45.3,1.05,0.1,3,0.283,0.147,7,3635504,3,3,NA,NA
2021-03-23,"New Jersey",873840,24242,4803,2514665,1310353,0.092,47.1,1.05,0.1,3,0.283,0.148,61,3636384,3,3,NA,NA
2021-03-24,"New Jersey",877936,24293,4096,2606788,1368524,0.093,46.7,1.04,0.1,3,0.293,0.154,51,3781744,3,3,NA,NA
2021-03-25,"New Jersey",881880,24330,3944,2661886,1405724,0.095,45.9,1.04,0.1,3,0.3,0.158,37,3869393,3,3,NA,NA
2021-03-26,"New Jersey",887479,24358,5599,2720391,1445318,0.097,47.8,1.03,0.1,3,0.306,0.163,28,3958836,3,3,NA,NA
2021-03-27,"New Jersey",892145,24382,4666,2774867,1491691,0.1,47.4,1.02,0.1,3,0.312,0.168,24,4053945,3,3,NA,NA
2021-03-28,"New Jersey",896650,24389,4505,2822580,1538648,0.1,49.5,1.01,0.1,3,0.318,0.173,7,4142916,3,3,NA,NA
2021-03-29,"New Jersey",900271,24404,3621,2859012,1566611,0.102,50.2,1.01,0.1,3,0.322,0.176,15,4204062,3,3,NA,NA
2021-03-30,"New Jersey",905144,24486,4873,2903068,1613922,0.104,50.3,1,0.1,3,0.327,0.182,82,4292515,3,3,NA,NA
2021-03-31,"New Jersey",908812,24528,3668,2951563,1659604,0.104,49.7,0.99,0.1,3,0.332,0.187,42,4381035,3,3,NA,NA
2021-04-01,"New Jersey",914420,24591,5608,3027313,1730178,0.104,52.3,0.98,0.1,3,0.341,0.195,63,4523995,3,3,NA,NA
2021-04-02,"New Jersey",918949,24615,4529,3103304,1796703,0.104,50.6,0.97,0.1,3,0.349,0.202,24,4655258,3,3,NA,NA
2021-04-03,"New Jersey",923394,24632,4445,3173887,1849501,0.103,50.3,0.97,0.1,3,0.357,0.208,17,4766910,3,3,NA,NA
2021-04-04,"New Jersey",927195,24637,3801,3229559,1890162,0.102,49.1,0.96,0.1,3,0.364,0.213,5,4855447,3,3,NA,NA
2021-04-05,"New Jersey",930026,24649,2831,3266042,1910700,0.101,47.9,0.95,0.1,3,0.368,0.215,12,4909547,3,3,NA,NA
2021-04-06,"New Jersey",933738,24700,3712,3304307,1948426,0.098,46,0.95,0.1,3,0.372,0.219,51,4979819,3,3,NA,NA
2021-04-07,"New Jersey",937979,24744,4241,3373601,2007906,0.096,46.9,0.94,0.1,3,0.38,0.226,44,5094041,3,3,NA,NA
2021-04-08,"New Jersey",942311,24783,4332,3453842,2077411,0.095,44.9,0.94,0.1,3,0.389,0.234,39,5226827,3,3,NA,NA
2021-04-09,"New Jersey",946504,24826,4193,3532817,2153059,0.093,44.3,0.93,0.1,3,0.398,0.242,43,5351413,3,3,NA,NA
2021-04-10,"New Jersey",950103,24859,3599,3619470,2236169,0.092,43,0.93,0.1,3,0.407,0.252,33,5495689,3,3,NA,NA
2021-04-11,"New Jersey",953490,24870,3387,3682138,2288890,0.091,42.3,0.93,0.1,3,0.415,0.258,11,5590502,3,3,NA,NA
2021-04-12,"New Jersey",955966,24896,2476,3738568,2335482,0.089,41.7,0.92,0.1,3,0.421,0.263,26,5673369,3,3,NA,NA
2021-04-13,"New Jersey",959920,24945,3954,3797352,2391528,0.089,42.1,0.92,0.1,3,0.428,0.269,49,5769561,3,3,NA,NA
2021-04-14,"New Jersey",963483,24987,3563,3862780,2445130,0.087,41,0.91,0.1,3,0.435,0.275,42,5874832,3,3,NA,NA
2021-04-15,"New Jersey",967401,25034,3918,3922518,2494175,0.086,40.4,0.9,0.1,3,0.442,0.281,47,5978301,3,3,NA,NA
2021-04-16,"New Jersey",971782,25094,4381,3977971,2542293,0.086,40.7,0.9,0.1,3,0.448,0.286,60,6076066,3,3,NA,NA
2021-04-17,"New Jersey",975704,25134,3922,4035544,2600534,0.085,41.2,0.89,0.1,3,0.454,0.293,40,6188717,3,3,NA,NA
2021-04-18,"New Jersey",978853,25143,3149,4082643,2637550,0.084,40.8,0.88,0.1,3,0.46,0.297,9,6269398,3,3,NA,NA
2021-04-19,"New Jersey",981036,25161,2183,4119225,2673898,0.082,40.3,0.86,0.1,3,0.464,0.301,18,6340637,3,3,NA,NA
2021-04-20,"New Jersey",983875,25206,2839,4161478,2711069,0.079,38.5,0.85,0.1,3,0.469,0.305,45,6415408,3,3,NA,NA
2021-04-21,"New Jersey",987350,25252,3475,4209267,2759775,0.077,38.4,0.83,0.1,3,0.474,0.311,46,6510179,3,3,NA,NA
2021-04-22,"New Jersey",990580,25282,3230,4255550,2811184,0.074,37.3,0.82,0.1,3,0.479,0.316,30,6605809,3,3,NA,NA
2021-04-23,"New Jersey",993414,25328,2834,4310474,2873499,0.071,34.8,0.8,0.1,3,0.485,0.324,46,6720403,3,3,NA,NA
2021-04-24,"New Jersey",996197,25367,2783,4362697,2930275,0.068,33,0.78,0.1,3,0.491,0.33,39,6826763,3,3,NA,NA
2021-04-25,"New Jersey",997891,25380,1694,4402662,2974166,0.067,30.6,0.76,0.1,3,0.496,0.335,13,6908470,3,3,NA,NA
2021-04-26,"New Jersey",988886,25399,NA,4435930,3008260,0.065,NA,0.74,0.1,3,0.499,0.339,19,6974357,3,3,NA,NA
2021-04-27,"New Jersey",991010,25460,2124,4473776,3050496,0.063,30.3,0.72,0.1,3,0.504,0.343,61,7052362,3,3,NA,NA
2021-04-28,"New Jersey",993121,25495,2111,4508353,3099737,0.061,27.7,0.7,0.1,3,0.508,0.349,35,7133352,3,3,NA,NA
2021-04-29,"New Jersey",995365,25529,2244,4545175,3150175,0.059,25.9,0.68,0.1,3,0.512,0.355,34,7217144,3,3,NA,NA
2021-04-30,"New Jersey",997222,25554,1857,4582214,3202180,0.057,24,0.66,0.1,2,0.516,0.361,25,7302231,2,3,NA,NA
2021-05-01,"New Jersey",998811,25588,1589,4615887,3253642,0.055,21.8,0.65,0.1,2,0.52,0.366,34,7381197,2,3,NA,NA
2021-05-02,"New Jersey",1000009,25600,1198,4634016,3286591,0.054,20.9,0.63,0.1,2,0.522,0.37,12,7430120,2,3,NA,NA
2021-05-03,"New Jersey",1000992,25616,983,4646283,3316641,0.05,19.5,0.61,0.1,2,0.523,0.373,16,7468871,2,3,NA,NA
2021-05-04,"New Jersey",1001996,25658,1004,4660766,3354569,0.048,17.7,0.6,0.1,2,0.525,0.378,42,7518475,2,3,NA,NA
2021-05-05,"New Jersey",1004525,25692,NA,4692648,3409035,0.045,NA,0.59,0.1,2,0.528,0.384,34,7600716,2,3,NA,NA
2021-05-06,"New Jersey",1005938,25740,1413,4721500,3462111,0.043,15.1,0.58,0.1,2,0.532,0.39,48,7677602,2,3,NA,NA
2021-05-07,"New Jersey",1006905,25769,967,4755104,3531018,0.041,13.4,0.58,0.1,2,0.535,0.398,29,7773775,2,2,NA,NA
2021-05-08,"New Jersey",1007555,25791,650,4784711,3592009,0.039,11.7,0.58,0.1,2,0.539,0.404,22,7858549,2,2,NA,NA
2021-05-09,"New Jersey",1007894,25801,339,4813916,3643468,0.037,10.1,0.58,0.1,2,0.542,0.41,10,7934175,2,2,NA,NA
2021-05-10,"New Jersey",1008046,25809,152,4841583,3684900,0.036,8.5,0.59,0.1,1,0.545,0.415,8,7999599,1,2,NA,NA
2021-05-11,"New Jersey",1008607,25840,561,4858702,3715081,0.034,7.7,0.6,0.1,1,0.547,0.418,31,8043316,1,2,NA,NA
2021-05-12,"New Jersey",1009093,25873,486,4877903,3759173,0.033,7.3,0.61,0.1,1,0.549,0.423,33,8103394,1,2,NA,NA
2021-05-13,"New Jersey",1009521,25905,428,4896860,3796892,0.031,5.8,0.63,0.1,1,0.551,0.427,32,8156536,1,1,NA,NA
2021-05-14,"New Jersey",1009844,25931,323,4918197,3841128,0.031,4.7,0.65,0.1,1,0.554,0.432,26,8218240,1,1,NA,NA
2021-05-15,"New Jersey",1010490,25952,646,4957429,3889378,0.03,4.7,0.67,0.1,1,0.558,0.438,21,8300824,1,1,NA,NA
2021-05-16,"New Jersey",1010759,25961,269,4985485,3922123,0.03,4.6,0.68,0.1,1,0.561,0.442,9,8358727,1,1,NA,NA
2021-05-17,"New Jersey",1011107,25974,348,5004560,3941273,0.029,4.9,0.7,0.1,1,0.563,0.444,13,8395059,1,1,NA,NA
2021-05-18,"New Jersey",1011752,25998,645,5020196,3965605,0.027,5.1,0.72,0.1,1,0.565,0.446,24,8431873,1,1,NA,NA
2021-05-19,"New Jersey",1012196,26018,444,5055013,4010836,0.026,5,0.74,0.1,1,0.569,0.452,20,8508720,1,1,NA,NA
2021-05-20,"New Jersey",1012757,26041,561,5085381,4051601,0.025,5.2,0.75,0.1,1,0.573,0.456,23,8576106,1,1,NA,NA
2021-05-21,"New Jersey",1013409,26059,652,5128880,4101787,0.024,5.7,0.77,0.1,1,0.577,0.462,18,8666138,1,1,NA,NA
2021-05-22,"New Jersey",1013787,26072,378,5157479,4135717,0.022,5.3,0.78,0.1,1,0.581,0.466,13,8724828,1,1,NA,NA
2021-05-23,"New Jersey",1014088,26079,301,5181964,4163503,0.022,5.4,0.79,0.1,1,0.583,0.469,7,8774427,1,1,NA,NA
2021-05-24,"New Jersey",1014190,26088,102,5198699,4177064,0.021,5,0.8,0.1,1,0.585,0.47,9,8803139,1,1,NA,NA
2021-05-25,"New Jersey",1014579,26112,389,5217197,4198864,0.021,4.5,0.8,0.1,1,0.587,0.473,24,8841278,1,1,NA,NA
2021-05-26,"New Jersey",1014974,26137,395,5241897,4226392,0.02,4.5,0.81,0.1,1,0.59,0.476,25,8890965,1,1,NA,NA
2021-05-27,"New Jersey",1015368,26173,394,5269286,4256025,0.019,4.2,0.82,0.1,1,0.593,0.479,36,8944596,1,1,NA,NA
2021-05-28,"New Jersey",1015634,26185,266,5293316,4279512,0.018,3.6,0.82,0.1,1,0.596,0.482,12,8988961,1,1,NA,NA
2021-05-29,"New Jersey",1015889,26201,255,5324458,4307649,0.018,3.4,0.83,0.1,1,0.599,0.485,16,9045800,1,1,NA,NA
2021-05-30,"New Jersey",1016135,26207,246,5346506,4325374,0.017,3.3,0.84,0.1,1,0.602,0.487,6,9083396,1,1,NA,NA
2021-05-31,"New Jersey",1016332,26212,197,5363925,4336841,0.017,3.4,0.84,0.1,1,0.604,0.488,5,9110414,1,1,NA,NA
2021-06-01,"New Jersey",1016490,26219,158,5370011,4341543,0.016,3.1,0.85,0.1,1,0.605,0.489,7,9120351,1,1,NA,NA
2021-06-02,"New Jersey",1016763,26239,273,5380566,4362434,0.016,2.9,0.86,0.1,1,0.606,0.491,20,9150101,1,1,NA,NA
2021-06-03,"New Jersey",1017044,26253,281,5400721,4389480,0.015,2.7,0.87,0.1,1,0.608,0.494,14,9195623,1,1,NA,NA
2021-06-04,"New Jersey",1017337,26265,293,5422416,4413738,0.014,2.7,0.88,0.1,1,0.61,0.497,12,9237904,1,1,NA,NA
2021-06-05,"New Jersey",1017695,26273,358,5423245,4414559,0.014,2.9,0.89,0.1,1,0.611,0.497,8,9238253,1,1,NA,NA
2021-06-06,"New Jersey",1017904,26279,209,5443429,4444103,0.014,2.8,0.9,0.1,1,0.613,0.5,6,9286153,1,1,NA,NA
2021-06-07,"New Jersey",1018112,26285,208,5464112,4475354,0.013,2.9,0.91,0.1,1,0.615,0.504,6,9335740,1,1,NA,NA
2021-06-08,"New Jersey",1018307,26295,195,5485974,4510374,0.013,2.9,0.92,0.1,1,0.618,0.508,10,9389685,1,1,NA,NA
2021-06-09,"New Jersey",1018491,26309,184,5486741,4511429,0.012,2.8,0.93,0.1,1,0.618,0.508,14,9390172,1,1,NA,NA
2021-06-10,"New Jersey",1018833,26322,342,5504682,4543290,0.012,2.9,0.94,0.1,1,0.62,0.512,13,9438282,1,1,NA,NA
2021-06-11,"New Jersey",1019107,26324,274,5527782,4581122,0.012,2.8,0.94,0.1,1,0.622,0.516,2,9497563,1,1,NA,NA
2021-06-12,"New Jersey",1019356,26327,249,5550116,4623291,0.012,2.7,0.95,0.1,1,0.625,0.521,3,9559315,1,1,NA,NA
2021-06-13,"New Jersey",1019563,26330,207,5573305,4664529,0.011,2.7,0.95,0.1,1,0.627,0.525,3,9621430,1,1,NA,NA
2021-06-14,"New Jersey",1019794,26334,231,5559228,4653627,0.011,2.7,0.96,0.1,1,0.626,0.524,4,9603713,1,1,NA,NA
2021-06-15,"New Jersey",1020043,26345,249,5585180,4704352,0.011,2.8,0.96,0.1,1,0.629,0.53,11,9678432,1,1,NA,NA
2021-06-16,"New Jersey",1020326,26352,283,5604106,4737908,0.011,3,0.96,0.1,1,0.631,0.533,7,9728973,1,1,NA,NA
2021-06-17,"New Jersey",1020564,26364,238,5621121,4768442,0.011,2.8,0.96,0.1,1,0.633,0.537,12,9769651,1,1,NA,NA
2021-06-18,"New Jersey",1020830,26368,266,5633167,4788682,0.011,2.8,0.96,0.1,1,0.634,0.539,4,9799660,1,1,NA,NA
2021-06-19,"New Jersey",1021038,26372,208,5647708,4813294,0.011,2.7,0.96,0.1,1,0.636,0.542,4,9837200,1,1,NA,NA
2021-06-20,"New Jersey",1021182,26374,144,5662700,4837405,0.011,2.6,0.96,0.1,1,0.638,0.545,2,9875233,1,1,NA,NA
2021-06-21,"New Jersey",1021323,26377,141,5670194,4849487,0.011,2.5,0.96,0.1,1,0.638,0.546,3,9893949,1,1,NA,NA
2021-06-22,"New Jersey",1021554,26392,231,5697232,4879364,0.011,2.4,0.96,0.1,1,0.641,0.549,15,9949593,1,1,NA,NA
2021-06-23,"New Jersey",1021822,26403,268,5707588,4890012,0.011,2.4,0.97,0.1,1,0.643,0.551,11,9969179,1,1,NA,NA
2021-06-24,"New Jersey",1022094,26417,272,5720796,4908804,0.011,2.5,0.97,0.1,1,0.644,0.553,14,9999545,1,1,NA,NA
2021-06-25,"New Jersey",1022443,26428,349,5517006,4782589,0.011,2.6,0.97,0.1,1,0.621,0.538,11,9667905,1,1,NA,NA
2021-06-26,"New Jersey",1022680,26434,237,5539266,4817349,0.011,2.6,0.98,0.1,1,0.624,0.542,6,9724314,1,1,NA,NA
2021-06-27,"New Jersey",1022830,26437,150,5554879,4866523,0.011,2.7,0.99,0.1,1,0.625,0.548,3,9786757,1,1,NA,NA
2021-06-28,"New Jersey",1022977,26438,147,5561283,4875103,0.012,2.7,1,0.1,1,0.626,0.549,1,9803748,1,1,NA,NA
2021-06-29,"New Jersey",1023200,26444,223,5568544,4884067,0.013,2.6,1.01,0.1,1,0.627,0.55,6,9819195,1,1,NA,NA
2021-06-30,"New Jersey",1023395,26452,195,5580572,4897515,0.013,2.5,1.02,0.1,1,0.628,0.551,8,9841494,1,1,NA,NA
2021-07-01,"New Jersey",1023613,26463,218,5591191,4912136,0.013,2.4,1.04,0.1,1,0.629,0.553,11,9864834,1,1,NA,NA
2021-07-02,"New Jersey",1023923,26468,310,5600638,4924679,0.013,2.4,1.06,0.1,1,0.631,0.554,5,9886228,1,1,NA,NA
2021-07-03,"New Jersey",1024113,26473,190,5610958,4937662,0.013,2.3,1.08,0.1,1,0.632,0.556,5,9907493,1,1,NA,NA
2021-07-04,"New Jersey",1024225,26473,112,5619381,4947353,0.013,2.2,1.1,0.1,1,0.633,0.557,0,9924787,1,1,NA,NA
2021-07-05,"New Jersey",1024311,26477,86,5624890,4952381,0.014,2.1,1.12,0.1,1,0.633,0.558,4,9934599,1,1,NA,NA
2021-07-06,"New Jersey",1024465,26477,154,5627923,4955488,0.014,2,1.14,0.1,1,0.634,0.558,0,9940163,1,1,NA,NA
2021-07-07,"New Jersey",1024748,26490,283,5636940,4965722,0.014,2.2,1.16,0.1,1,0.635,0.559,13,9958439,1,1,NA,NA
2021-07-08,"New Jersey",1025079,26493,331,5645861,4976576,0.015,2.4,1.19,0.1,1,0.636,0.56,3,9976885,1,1,NA,NA
2021-07-09,"New Jersey",1025477,26496,398,5655224,4987200,0.016,2.5,1.21,0.1,1,0.637,0.561,3,9995935,1,1,NA,NA
2021-07-10,"New Jersey",1025788,26501,311,5663676,4997066,0.017,2.7,1.23,0.1,1,0.638,0.563,5,10013126,1,1,NA,NA
2021-07-11,"New Jersey",1026071,26505,283,5671809,5006341,0.017,3,1.25,0.1,1,0.639,0.564,4,10029522,1,1,NA,NA
2021-07-12,"New Jersey",1026286,26509,215,5678062,5012639,0.018,3.2,1.26,0.1,2,0.639,0.564,4,10041464,1,1,NA,NA
2021-07-13,"New Jersey",1026649,26517,363,5684055,5019632,0.019,3.5,1.28,0.1,2,0.64,0.565,8,10053662,1,1,NA,NA
2021-07-14,"New Jersey",1027014,26520,365,5692629,5029046,0.02,3.6,1.29,0.1,2,0.641,0.566,3,10070697,1,1,NA,NA
2021-07-15,"New Jersey",1027460,26529,446,5701639,5038105,0.021,3.8,1.29,0.1,2,0.642,0.567,9,10087454,1,1,NA,NA
2021-07-16,"New Jersey",1027954,26531,494,5710005,5047091,0.023,4,1.3,0.1,2,0.643,0.568,2,10103999,1,1,NA,NA
2021-07-17,"New Jersey",1028503,26536,549,5718426,5055892,0.024,4.4,1.31,0.1,2,0.644,0.569,5,10119780,1,1,NA,NA
2021-07-18,"New Jersey",1028931,26539,428,5727458,5065462,0.025,4.6,1.31,0.1,2,0.645,0.57,3,10137429,1,1,NA,NA
2021-07-19,"New Jersey",1029243,26545,312,5733873,5071420,0.026,4.8,1.31,0.1,2,0.646,0.571,6,10149152,1,1,NA,NA
2021-07-20,"New Jersey",1029901,26557,658,5739295,5077581,0.029,5.2,1.3,0.1,2,0.646,0.572,12,10159349,1,1,NA,NA
2021-07-21,"New Jersey",1030600,26562,699,5749784,5087461,0.031,5.8,1.3,0.1,2,0.647,0.573,5,10178925,1,1,NA,NA
2021-07-22,"New Jersey",1031346,26564,746,5760948,5096321,0.033,6.3,1.3,0.1,2,0.649,0.574,2,10197628,1,1,NA,NA
2021-07-23,"New Jersey",1032255,26568,909,5771978,5105309,0.035,6.9,1.29,0.1,2,0.65,0.575,4,10216488,1,1,NA,NA
2021-07-24,"New Jersey",1033116,26573,861,5785185,5116572,0.035,7.4,1.28,0.1,2,0.651,0.576,5,10239436,1,2,NA,NA
2021-07-25,"New Jersey",1033712,26575,596,5795106,5124027,0.036,7.7,1.28,0.1,2,0.652,0.577,2,10255677,1,2,NA,NA
2021-07-26,"New Jersey",1034233,26579,521,5801978,5129033,0.037,8,1.27,0.1,2,0.653,0.577,4,10267285,1,2,NA,NA
2021-07-27,"New Jersey",1035027,26586,794,5811134,5133658,0.037,8.2,1.26,0.1,2,0.654,0.578,7,10280170,1,2,NA,NA
2021-07-28,"New Jersey",1035975,26589,948,5823385,5159060,0.038,8.6,1.25,0.1,2,0.656,0.581,3,10317112,1,2,NA,NA
2021-07-29,"New Jersey",1037052,26590,1077,5835626,5168253,0.038,9.2,1.25,0.1,2,0.657,0.582,1,10336670,1,2,NA,NA
2021-07-30,"New Jersey",1038171,26595,1119,5847756,5176518,0.039,9.5,1.24,0.1,2,0.658,0.583,5,10355671,1,2,NA,NA
2021-07-31,"New Jersey",1039353,26602,1182,5862753,5187136,0.041,10,1.23,0.1,2,0.66,0.584,7,10380457,1,2,NA,NA
2021-08-01,"New Jersey",1040281,26607,928,5872988,5194102,0.042,10.6,1.22,0.1,2,0.661,0.585,5,10396207,2,2,NA,NA
2021-08-02,"New Jersey",1041159,26606,878,5880349,5198961,0.043,11.1,1.22,0.1,2,0.662,0.585,0,10407999,2,2,NA,NA
2021-08-03,"New Jersey",1042472,26614,1313,5889320,5204274,0.045,12,1.21,0.1,2,0.663,0.586,8,10421599,2,2,NA,NA
2021-08-04,"New Jersey",1043702,26625,1230,5904224,5213483,0.047,12.4,1.21,0.1,2,0.665,0.587,11,10443839,2,2,NA,NA
2021-08-05,"New Jersey",1045168,26629,1466,5916898,5220954,0.049,13.1,1.2,0.1,2,0.666,0.588,4,10462507,2,2,NA,NA
2021-08-06,"New Jersey",1046514,26636,1346,5930653,5229423,0.05,13.4,1.19,0.1,2,0.668,0.589,7,10483346,2,2,NA,NA
2021-08-07,"New Jersey",1048053,26645,1539,5944452,5237225,0.05,14,1.19,0.1,2,0.669,0.59,9,10503399,2,2,NA,NA
2021-08-08,"New Jersey",1049222,26650,1169,5956570,5244911,0.051,14.4,1.18,0.1,2,0.671,0.59,5,10522285,2,3,NA,NA
2021-08-09,"New Jersey",1050083,26650,861,5965020,5249953,0.052,14.4,1.17,0.1,2,0.672,0.591,0,10535188,2,3,NA,NA
2021-08-10,"New Jersey",1051712,26659,1629,5974524,5255860,0.053,14.9,1.17,0.1,2,0.673,0.592,9,10549532,2,3,NA,NA
2021-08-11,"New Jersey",1053398,26665,1686,5985362,5263595,0.054,15.6,1.16,0.1,2,0.674,0.593,6,10566222,2,3,NA,NA
2021-08-12,"New Jersey",1055252,26672,1854,5995364,5271010,0.054,16.2,1.15,0.1,2,0.675,0.593,7,10582372,2,3,NA,NA
2021-08-13,"New Jersey",1057096,26681,1844,6013213,5283871,0.055,17,1.14,0.1,2,0.677,0.595,9,10611715,2,3,NA,NA
2021-08-14,"New Jersey",1059660,26692,2564,6025025,5292288,0.055,18.7,1.14,0.1,2,0.678,0.596,11,10630697,2,3,NA,NA
2021-08-15,"New Jersey",1060934,26695,1274,6036523,5300615,0.055,18.8,1.13,0.1,2,0.68,0.597,3,10650221,2,3,NA,NA
2021-08-16,"New Jersey",1062238,26696,1304,6045926,5307179,0.056,19.5,1.12,0.1,2,0.681,0.598,1,10667461,2,3,NA,NA
2021-08-17,"New Jersey",1064059,26715,1821,6057182,5316248,0.056,19.9,1.11,0.1,2,0.682,0.599,19,10689164,2,3,NA,NA
2021-08-18,"New Jersey",1065736,26721,1677,6064541,5322325,0.056,19.8,1.1,0.1,2,0.683,0.599,6,10703850,2,3,NA,NA
2021-08-19,"New Jersey",1067758,26731,2022,6082154,5336457,0.056,20.1,1.09,0.1,2,0.685,0.601,10,10738167,2,3,NA,NA
2021-08-20,"New Jersey",1070698,26739,2940,6093262,5345747,0.057,21.9,1.08,0.1,2,0.686,0.602,8,10760124,2,3,NA,NA
2021-08-21,"New Jersey",1072856,26750,2158,6106240,5357523,0.057,21.2,1.08,0.1,2,0.687,0.603,11,10786503,2,3,NA,NA
2021-08-22,"New Jersey",1074306,26752,1450,6116301,5366881,0.058,21.5,1.07,0.1,2,0.689,0.604,2,10807156,2,3,NA,NA
2021-08-23,"New Jersey",1075930,26755,1624,6124367,5374401,0.058,22,1.06,0.1,2,0.69,0.605,3,10824460,2,3,0,0
2021-08-24,"New Jersey",1077787,26775,1857,6130107,5379775,0.057,22.1,1.05,0.1,2,0.69,0.606,20,10835890,2,3,0,0
2021-08-25,"New Jersey",1079900,26796,2113,6147251,5395927,0.056,22.8,1.05,0.1,2,0.692,0.607,21,10871311,2,3,0,0
2021-08-26,"New Jersey",1081954,26807,2054,6159635,5406935,0.057,22.8,1.04,0.1,2,0.693,0.609,11,10896325,2,3,0,0
2021-08-27,"New Jersey",1084546,26826,2592,6172469,5419697,0.057,22.3,1.04,0.1,2,0.695,0.61,19,10922933,2,3,0,0
2021-08-28,"New Jersey",1086480,26844,1934,6184301,5431392,0.058,21.9,1.03,0.1,2,0.696,0.611,18,10947636,2,3,0,0
2021-08-29,"New Jersey",1088330,26849,1850,6194644,5441259,0.057,22.6,1.03,0.1,2,0.697,0.613,5,10969246,2,3,0,0
2021-08-30,"New Jersey",1089838,26864,1508,6202291,5448504,0.058,22.4,1.03,0.1,2,0.698,0.613,15,10985291,2,3,0,0
2021-08-31,"New Jersey",1091966,26882,2128,6211130,5457911,0.059,22.8,1.03,0.1,2,0.699,0.614,18,11005081,2,3,0,0
2021-09-01,"New Jersey",1094249,26902,2283,6222920,5469611,0.059,23.1,1.02,0.1,2,0.701,0.616,20,11030025,2,3,0,0
2021-09-02,"New Jersey",1096791,26919,2542,6232544,5479015,0.059,23.9,1.02,0.1,2,0.702,0.617,17,11050405,2,3,0,0
2021-09-03,"New Jersey",1098526,26929,1735,6248194,5494668,0.06,22.5,1.02,0.1,2,0.703,0.619,10,11083698,2,3,0,0
2021-09-04,"New Jersey",1100774,26942,2248,6257106,5503733,0.06,23,1.02,0.1,2,0.704,0.62,13,11103350,2,3,0,0
2021-09-05,"New Jersey",1102488,26948,1714,6266049,5512976,0.06,22.8,1.03,0.1,2,0.705,0.621,6,11122859,2,3,0,0
2021-09-06,"New Jersey",1104439,26952,1951,6272218,5519393,0.062,23.5,1.03,0.1,2,0.706,0.621,4,11136740,2,3,0,0
2021-09-07,"New Jersey",1104793,26978,354,6277465,5524013,0.061,20.6,1.03,0.1,2,0.707,0.622,26,11147167,2,3,0,0
2021-09-08,"New Jersey",1108291,27007,3498,6283610,5530586,0.061,22.6,1.03,0.1,2,0.707,0.623,29,11160283,2,3,0,0
2021-09-09,"New Jersey",1110501,27024,2210,6291717,5539830,0.06,22.1,1.03,0.1,2,0.708,0.624,17,11180372,2,3,0,0
2021-09-10,"New Jersey",1113165,27039,2664,6302197,5551806,0.059,23.5,1.03,0.1,2,0.71,0.625,15,11204434,2,3,0,0
2021-09-11,"New Jersey",1115659,27054,2494,6312003,5561695,0.058,23.9,1.02,0.1,2,0.711,0.626,15,11225527,2,3,0,0
2021-09-12,"New Jersey",1117506,27058,1847,6321272,5572323,0.059,24.2,1.02,0.1,2,0.712,0.627,4,11246757,2,3,0,0
2021-09-13,"New Jersey",1119051,27079,1545,6321933,5572711,0.057,23.5,1.02,0.1,2,0.712,0.627,21,11246942,2,3,0,0
2021-09-14,"New Jersey",1121089,27101,2038,6334965,5587002,0.057,26.2,1.01,0.1,3,0.713,0.629,22,11277175,3,3,0,0
2021-09-15,"New Jersey",1123364,27122,2275,6344992,5597867,0.056,24.2,1,0.1,2,0.714,0.63,21,11299572,2,3,0,0
2021-09-16,"New Jersey",1126322,27148,2958,6354443,5609082,0.056,25.4,1,0.1,3,0.715,0.631,26,11320871,3,3,0,0
2021-09-17,"New Jersey",1128696,27165,2374,6360622,5616425,0.055,25,0.99,0.1,2,0.716,0.632,17,11334953,2,3,0,0
2021-09-18,"New Jersey",1131319,27182,2623,6370715,5628314,0.055,25.2,0.98,0.1,3,0.717,0.634,17,11358666,3,3,0,0
2021-09-19,"New Jersey",1133228,27190,1909,6377754,5637535,0.055,25.3,0.98,0.1,3,0.718,0.635,8,11375965,3,3,0,0
2021-09-20,"New Jersey",1134851,27202,1623,6383186,5644447,0.054,25.4,0.97,0.1,3,0.719,0.635,12,11389512,3,3,0,0
2021-09-21,"New Jersey",1137016,27240,2165,6387612,5649685,0.053,25.6,0.96,0.1,3,0.719,0.636,38,11399978,3,3,0,0
2021-09-22,"New Jersey",1139367,27264,2351,6383936,5655586,0.052,25.7,0.95,0.1,3,0.719,0.637,24,11383090,3,3,0,0
2021-09-23,"New Jersey",1141619,27288,2252,6390977,5664242,0.051,24.6,0.95,0.1,2,0.72,0.638,24,11400181,2,3,0,0
2021-09-24,"New Jersey",1143855,27307,2236,6398963,5674502,0.051,24.4,0.94,0.1,2,0.72,0.639,19,11420602,2,3,0,0
2021-09-25,"New Jersey",1146089,27323,2234,6407452,5683415,0.05,23.8,0.94,0.1,2,0.721,0.64,16,11441398,2,3,0,0
2021-09-26,"New Jersey",1147199,27328,1110,6415786,5690830,0.05,22.5,0.93,0.1,2,0.722,0.641,5,11460187,2,3,0,0
2021-09-27,"New Jersey",1148358,27346,1159,6420591,5695945,0.049,21.7,0.93,0.1,2,0.723,0.641,18,11475072,2,3,0,0
2021-09-28,"New Jersey",1150246,27380,1888,6427211,5702305,0.048,21.3,0.93,0.1,2,0.724,0.642,34,11495521,2,3,0,0
2021-09-29,"New Jersey",1152243,27400,1997,6433245,5707111,0.047,20.7,0.93,0.1,2,0.724,0.643,20,11512956,2,3,0,0
2021-09-30,"New Jersey",1154570,27427,2327,6440347,5713118,0.047,20.8,0.93,0.1,2,0.725,0.643,27,11535180,2,3,0,0
2021-10-01,"New Jersey",1156243,27443,1673,6444074,5716908,0.047,19.9,0.93,0.1,2,0.726,0.644,16,11547112,2,3,0,0
2021-10-02,"New Jersey",1158178,27465,1935,6451817,5723823,0.046,19.4,0.93,0.1,2,0.726,0.644,22,11573595,2,3,0,0
2021-10-03,"New Jersey",1159632,27472,1454,6467318,5737539,0.046,20,0.93,0.1,2,0.728,0.646,7,11625670,2,3,0,0
2021-10-04,"New Jersey",1160878,27488,1246,6472049,5742414,0.045,20.1,0.93,0.1,2,0.729,0.647,16,11640191,2,3,0,0
2021-10-05,"New Jersey",1162526,27525,1648,6478172,5748260,0.045,19.8,0.92,0.1,2,0.729,0.647,37,11660018,2,3,0,0
2021-10-06,"New Jersey",1164378,27542,1852,6483404,5752983,0.044,19.5,0.92,0.1,2,0.73,0.648,17,11676454,2,3,0,0
2021-10-07,"New Jersey",1166443,27551,2065,6494761,5762084,0.043,19.1,0.92,0.1,2,0.731,0.649,9,11710176,2,3,0,0
2021-10-08,"New Jersey",1168312,27570,1869,6502438,5769707,0.042,19.4,0.92,0.1,2,0.732,0.65,19,11733172,2,3,0,0
2021-10-09,"New Jersey",1170140,27590,1828,6509621,5776317,0.041,19.2,0.92,0.1,2,0.733,0.65,20,11758004,2,3,0,0
2021-10-10,"New Jersey",1171573,27597,1433,6515675,5781884,0.041,19.2,0.91,0.1,2,0.734,0.651,7,11778899,2,3,0,0
2021-10-11,"New Jersey",1172527,27603,954,6519327,5785360,0.042,18.7,0.91,0.1,2,0.734,0.651,6,11790705,2,3,0,0
2021-10-12,"New Jersey",1174169,27624,1642,6523298,5789204,0.041,18.7,0.91,0.1,2,0.734,0.652,21,11805239,2,3,0,0
2021-10-13,"New Jersey",1175915,27653,1746,6531045,5795903,0.041,18.6,0.91,0.1,2,0.735,0.653,29,11832086,2,3,0,0
2021-10-14,"New Jersey",1177553,27673,1638,6538185,5802398,0.041,17.9,0.91,0.1,2,0.736,0.653,20,11854232,2,3,0,0
2021-10-15,"New Jersey",1178936,27692,1383,6545473,5809177,0.041,17.1,0.91,0.1,2,0.737,0.654,19,11874110,2,3,0,0
2021-10-16,"New Jersey",1180388,27720,1452,6554575,5816831,0.04,16.5,0.91,0.1,2,0.738,0.655,28,11905961,2,3,0,0
2021-10-17,"New Jersey",1181284,27725,896,6561457,5822968,0.04,15.6,0.92,0.1,2,0.739,0.656,5,11927150,2,3,0,0
2021-10-18,"New Jersey",1182051,27737,767,6565329,5826468,0.038,15.3,0.92,0.1,2,0.739,0.656,12,11939315,2,3,0,0
2021-10-19,"New Jersey",1183289,27768,1238,6571750,5831664,0.037,14.7,0.93,0.1,2,0.74,0.657,31,11960881,2,3,0,0
2021-10-20,"New Jersey",1184395,27783,1106,6579139,5837569,0.037,13.6,0.93,0.1,2,0.741,0.657,15,11986277,2,2,334368,0.038
2021-10-21,"New Jersey",1185863,27805,1468,6585938,5843217,0.036,13.4,0.94,0.1,2,0.741,0.658,22,12010472,2,2,346974,0.039
2021-10-22,"New Jersey",1187569,27828,1706,6596893,5851647,0.036,13.9,0.95,0.1,2,0.743,0.659,23,12032967,2,2,358887,0.04
2021-10-23,"New Jersey",1188709,27848,1140,6603866,5857313,0.036,13.4,0.96,0.1,2,0.743,0.659,20,12058760,2,2,372958,0.042
2021-10-24,"New Jersey",1189496,27851,787,6610736,5861950,0.036,13.2,0.96,0.1,2,0.744,0.66,3,12082885,2,2,386046,0.043
2021-10-25,"New Jersey",1190439,27863,943,6615769,5865208,0.035,13.5,0.97,0.1,2,0.745,0.66,12,12103219,2,2,398362,0.045
2021-10-26,"New Jersey",1191912,27896,1473,6622810,5869670,0.036,13.9,0.98,0.1,2,0.746,0.661,33,12132095,2,2,416241,0.047
2021-10-27,"New Jersey",1193201,27929,1289,6633637,5875572,0.035,14.2,0.99,0.1,2,0.747,0.662,33,12178316,2,2,445459,0.05
2021-10-28,"New Jersey",1195166,27949,1965,6644117,5881358,0.035,15,1,0.1,2,0.748,0.662,20,12217932,2,3,471368,0.053
2021-10-29,"New Jersey",1196472,27961,1306,6653171,5887103,0.035,14.3,1,0.1,2,0.749,0.663,12,12258776,2,3,498280,0.056
2021-10-30,"New Jersey",1197702,27972,1230,6662856,5892769,0.035,14.5,1.01,0.1,2,0.75,0.663,11,12301100,2,3,526010,0.059
2021-10-31,"New Jersey",1198917,27972,1215,6670955,5897400,0.034,15.2,1.02,0.1,2,0.751,0.664,0,12334361,2,3,547647,0.062
2021-11-01,"New Jersey",1199738,27980,821,6675933,5899910,0.035,15,1.03,0.1,2,0.752,0.664,8,12354966,2,3,561435,0.063
2021-11-02,"New Jersey",1200953,28004,1215,6683475,5904254,0.035,14.5,1.03,0.1,2,0.752,0.665,24,12391439,2,3,585094,0.066
2021-11-03,"New Jersey",1202251,28011,1298,6693742,5909967,0.035,14.6,1.04,0.1,2,0.754,0.665,7,12432848,2,3,611382,0.069
2021-11-04,"New Jersey",1203755,28011,1504,6697592,5913305,0.036,13.8,1.05,0.1,2,0.754,0.666,0,12461932,2,2,631003,0.071
2021-11-05,"New Jersey",1205140,28062,1385,6706121,5917377,0.036,13.9,1.06,0.1,2,0.755,0.666,51,12498402,2,2,655582,0.074
2021-11-06,"New Jersey",1206543,28080,1403,6719157,5922775,0.037,14.2,1.07,0.1,2,0.756,0.667,18,12546749,2,2,686471,0.077
2021-11-07,"New Jersey",1207469,28085,926,6735119,5929982,0.039,13.8,1.08,0.1,2,0.758,0.668,5,12604415,2,2,721776,0.081
2021-11-08,"New Jersey",1208321,28092,852,6742051,5932079,0.038,13.8,1.09,0.1,2,0.759,0.668,7,12621496,2,2,730862,0.082
2021-11-09,"New Jersey",1209785,28119,1464,6743218,5932492,0.038,14.2,1.1,0.1,2,0.759,0.668,27,12621584,2,2,731212,0.082
2021-11-10,"New Jersey",1211423,28134,1638,6768992,5941273,0.04,14.8,1.11,0.1,2,0.762,0.669,15,12703015,2,3,776969,0.087
2021-11-11,"New Jersey",1213246,28146,1823,6786586,5946177,0.041,15.3,1.11,0.1,2,0.764,0.669,12,12751789,2,3,804740,0.091
2021-11-12,"New Jersey",1215067,28152,1821,6801655,5950216,0.042,16,1.12,0.1,2,0.766,0.67,6,12796010,2,3,829960,0.093
2021-11-13,"New Jersey",1216705,28169,1638,6818373,5955115,0.043,16.3,1.13,0.1,2,0.768,0.67,17,12850855,2,3,857200,0.097
2021-11-14,"New Jersey",1218406,28172,1701,6835114,5959245,0.044,17.6,1.13,0.1,2,0.77,0.671,3,12898845,2,3,879276,0.099
2021-11-15,"New Jersey",1219768,28177,1362,6845206,5961444,0.045,18.4,1.14,0.1,2,0.771,0.671,5,12922059,2,3,891328,0.1
2021-11-16,"New Jersey",1221507,28200,1739,6860951,5967959,0.047,18.9,1.14,0.1,2,0.772,0.672,23,12963961,2,3,913471,0.103
2021-11-17,"New Jersey",1223455,28220,1948,6874424,5971841,0.048,19.4,1.15,0.1,2,0.774,0.672,20,13004951,2,3,938239,0.106
2021-11-18,"New Jersey",1225928,28230,2473,6892713,5977160,0.048,20.4,1.15,0.1,2,0.776,0.673,10,13060893,2,3,972109,0.109
2021-11-19,"New Jersey",1228167,28243,2239,6906965,5981365,0.049,21.1,1.16,0.1,2,0.778,0.673,13,13105727,2,3,999796,0.113
2021-11-20,"New Jersey",1230366,28250,2199,6924027,5985853,0.05,22,1.16,0.1,2,0.78,0.674,7,13157250,2,3,1031332,0.116
2021-11-21,"New Jersey",1231968,28254,1602,6941361,5989578,0.05,21.8,1.17,0.1,2,0.781,0.674,4,13202876,2,3,1056379,0.119
2021-11-22,"New Jersey",1233511,28265,1543,6947067,5990748,0.051,22.1,1.17,0.1,2,0.782,0.674,11,13217593,2,3,1066184,0.12
2021-11-23,"New Jersey",1236151,28295,2640,6950766,5992387,0.051,23.6,1.18,0.1,2,0.783,0.675,30,13250496,2,3,1085058,0.122
2021-11-24,"New Jersey",1238359,28307,2208,6966872,5997187,0.053,24,1.18,0.1,2,0.784,0.675,12,13301118,2,3,1115616,0.126
2021-11-25,"New Jersey",1241210,28323,2851,6966872,5997187,0.055,24.6,1.19,0.1,2,0.784,0.675,16,13301118,2,3,1115616,0.126
2021-11-26,"New Jersey",1243354,28326,2144,6966872,5997187,0.058,24.4,1.19,0.1,2,0.784,0.675,3,13301118,2,3,1115616,0.126
2021-11-27,"New Jersey",1245344,28335,1990,6966872,5997187,0.061,24.1,1.2,0.1,2,0.784,0.675,9,13301118,2,3,1115616,0.126
2021-11-28,"New Jersey",1247213,28339,1869,6966872,5997187,0.062,24.5,1.2,0.1,2,0.784,0.675,4,13301118,2,3,1115616,0.126
2021-11-29,"New Jersey",1249454,28348,2241,7017967,6017811,0.067,25.6,1.21,0.1,3,0.79,0.678,9,13464109,3,3,1209559,0.136
2021-11-30,"New Jersey",1252705,28390,3251,7028706,6023574,0.072,26.6,1.21,0.1,3,0.791,0.678,42,13498900,3,3,1229336,0.138
2021-12-01,"New Jersey",1255893,28409,3188,7042336,6034299,0.074,28.2,1.21,0.1,3,0.793,0.679,19,13551590,3,3,1258532,0.142
2021-12-02,"New Jersey",1260355,28420,4462,7055851,6043088,0.074,30.8,1.22,0.1,3,0.794,0.68,11,13599644,3,3,1286469,0.145
2021-12-03,"New Jersey",1264818,28434,4463,7079379,6058557,0.075,34.5,1.22,0.1,3,0.797,0.682,14,13685682,3,3,1334023,0.15
2021-12-04,"New Jersey",1269232,28452,4414,7095713,6069518,0.075,38.4,1.22,0.1,3,0.799,0.683,18,13749559,3,3,1372903,0.155
2021-12-05,"New Jersey",1272728,28457,3496,7108300,6081373,0.075,41,1.23,0.1,3,0.8,0.685,5,13800980,3,3,1400812,0.158
2021-12-06,"New Jersey",1275717,28465,2989,7115856,6088724,0.077,42.2,1.23,0.1,3,0.801,0.685,8,13829601,3,3,1416678,0.159
2021-12-07,"New Jersey",1279667,28494,3950,7128940,6097687,0.08,43.4,1.24,0.1,3,0.803,0.687,29,13878111,3,3,1444651,0.163
2021-12-08,"New Jersey",1283925,28518,4258,7144949,6108120,0.082,45.1,1.24,0.1,3,0.804,0.688,24,13939638,3,3,1481135,0.167
2021-12-09,"New Jersey",1289542,28526,5617,7160707,6117660,0.084,46.9,1.25,0.1,3,0.806,0.689,8,13998467,3,3,1515582,0.171
2021-12-10,"New Jersey",1295005,28543,5463,7178380,6129427,0.086,48.6,1.27,0.1,3,0.808,0.69,17,14059063,3,3,1561971,0.176
2021-12-11,"New Jersey",1299601,28568,4596,7193730,6139183,0.088,48.8,1.28,0.1,3,0.81,0.691,25,14118334,3,3,1598620,0.18
2021-12-12,"New Jersey",1303443,28576,3842,7205959,6150149,0.091,49.4,1.29,0.1,3,0.811,0.692,8,14165505,3,3,1624589,0.183
2021-12-13,"New Jersey",1306722,28589,3279,7212817,6155943,0.094,49.9,1.31,0.1,3,0.812,0.693,13,14189043,3,3,1637472,0.184
2021-12-14,"New Jersey",1311119,28613,4397,7226417,6166260,0.097,50.6,1.33,0.1,3,0.814,0.694,24,14240606,3,3,1666351,0.188
2021-12-15,"New Jersey",1316108,28643,4989,7242388,6175861,0.104,51.8,1.35,0.1,3,0.815,0.695,30,14298992,3,3,1701311,0.192
2021-12-16,"New Jersey",1323331,28659,7223,7256520,6183309,0.112,54.3,1.36,0.1,3,0.817,0.696,16,14351800,3,3,1733108,0.195
2021-12-17,"New Jersey",1330728,28675,7397,7274580,6192466,0.12,57.5,1.38,0.1,3,0.819,0.697,16,14418159,3,3,1774869,0.2
2021-12-18,"New Jersey",1338372,28708,7644,7291727,6198144,0.126,62.4,1.4,0.1,3,0.821,0.698,33,14477467,3,3,1813692,0.204
2021-12-19,"New Jersey",1345717,28714,7345,7305259,6204545,0.131,68,1.41,0.1,3,0.822,0.699,6,14523045,3,3,1840468,0.207
2021-12-20,"New Jersey",1352812,28730,7095,7313951,6208586,0.147,74.1,1.42,0.1,3,0.823,0.699,16,14549661,3,3,1856399,0.209
2021-12-21,"New Jersey",1361306,28762,8494,7327028,6215957,0.164,80.7,1.42,0.1,5,0.825,0.7,32,14600807,5,3,1887829,0.213
2021-12-22,"New Jersey",1373212,28790,11906,7337279,6219278,0.18,91.8,1.43,0.1,5,0.826,0.7,28,14625958,5,3,1922789,0.216
2021-12-23,"New Jersey",1391334,28822,18122,7354692,6226479,0.196,109.4,1.42,0.1,5,0.828,0.701,32,14685687,5,3,1960177,0.221
2021-12-24,"New Jersey",1410275,28848,18941,7371531,6233407,0.21,127.9,1.42,0.1,5,0.83,0.702,26,14741868,5,3,1994567,0.225
2021-12-25,"New Jersey",1429756,28854,19481,7372538,6233557,0.217,147,1.41,0.1,5,0.83,0.702,6,14741911,5,3,1995053,0.225
2021-12-26,"New Jersey",1443915,28861,14159,7372820,6233603,0.227,157.9,1.39,0.1,5,0.83,0.702,7,14741911,5,3,1995178,0.225
2021-12-27,"New Jersey",1453647,28869,9732,7388786,6240927,0.254,162.2,1.37,0.1,5,0.832,0.703,8,14800203,5,3,2028975,0.228
2021-12-28,"New Jersey",1468881,28917,15234,7401603,6246839,0.284,173,1.35,0.1,5,0.833,0.703,48,14839868,5,3,2052422,0.231
2021-12-29,"New Jersey",1495354,28967,26473,7418526,6255008,0.317,196.4,1.32,0.1,5,0.835,0.704,50,14897559,5,3,2086129,0.235
2021-12-30,"New Jersey",1530529,29000,35175,7434230,6261268,0.344,223.9,1.28,0.1,5,0.837,0.705,33,14946060,5,3,2114931,0.238
2021-12-31,"New Jersey",1564253,29037,33724,7449359,6267956,0.355,247.7,1.25,0.1,5,0.839,0.706,37,14997030,5,3,2144959,0.241
2022-01-01,"New Jersey",1596644,29053,32391,7450270,6268124,0.36,268.4,1.21,0.1,5,0.839,0.706,16,14997095,5,3,2145408,0.242
2022-01-02,"New Jersey",1623096,29056,26452,7450270,6268124,0.364,288.2,1.17,0.1,5,0.839,0.706,3,14997095,5,3,2145408,0.242
2022-01-03,"New Jersey",1644839,29073,21743,7451077,6268285,0.367,307.5,1.13,0.1,5,0.839,0.706,17,14997145,5,3,2145724,0.242
2022-01-04,"New Jersey",1674453,29151,29614,7477980,6281498,0.362,330.6,1.09,0.1,5,0.842,0.707,78,15086426,5,3,2196050,0.247
2022-01-05,"New Jersey",1711738,29209,37285,7493073,6289684,0.358,348,1.05,0.1,5,0.844,0.708,58,15136945,5,3,2224070,0.25
2022-01-06,"New Jersey",1744002,29315,32264,7506509,6296483,0.352,343.3,1,0.1,5,0.845,0.709,106,15181675,5,3,2249884,0.253
2022-01-07,"New Jersey",1782463,29374,38461,7520346,6303604,0.347,351,0.96,0.1,5,0.847,0.71,59,15226907,5,3,2275970,0.256
2022-01-08,"New Jersey",1815163,29444,32700,7535630,6311533,0.343,351.5,0.92,0.1,5,0.848,0.711,70,15280036,5,3,2307357,0.26
2022-01-09,"New Jersey",1843677,29456,28514,7545772,6317810,0.339,354.8,0.88,0.1,5,0.85,0.711,12,15314753,5,3,2327047,0.262
2022-01-10,"New Jersey",1866733,29494,23056,7554621,6323356,0.321,356.9,0.84,0.1,5,0.851,0.712,38,15343050,5,3,2341896,0.264
2022-01-11,"New Jersey",1892142,29634,25409,7564407,6328962,0.304,350.1,0.8,0.1,5,0.852,0.713,140,15374730,5,3,2360858,0.266
2022-01-12,"New Jersey",1915417,29737,23275,7577179,6335897,0.286,327.6,0.77,0.1,5,0.853,0.713,103,15416245,5,3,2383997,0.268
2022-01-13,"New Jersey",1939089,29853,23672,7590533,6343694,0.271,313.8,0.73,0.1,5,0.855,0.714,116,15465448,5,3,2412415,0.272
2022-01-14,"New Jersey",1962198,29959,23109,7603458,6350580,0.258,289.1,0.7,0.1,5,0.856,0.715,106,15507329,5,3,2435951,0.274
2022-01-15,"New Jersey",1979057,30079,16859,7617639,6357680,0.249,263.6,0.68,0.1,5,0.858,0.716,120,15555407,5,3,2463873,0.277
2022-01-16,"New Jersey",1994502,30089,15445,7628084,6361597,0.242,242.6,0.65,0.1,5,0.859,0.716,10,15587770,5,3,2483021,0.28
2022-01-17,"New Jersey",2003580,30120,9078,7634152,6363841,0.23,220.1,0.63,0.1,5,0.859,0.716,31,15605587,5,3,2493320,0.281
2022-01-18,"New Jersey",2014702,30170,11122,7644511,6369375,0.212,197.1,0.61,0.1,5,0.861,0.717,50,15638904,5,3,2511362,0.283
2022-01-19,"New Jersey",2025616,30315,10914,7664728,6381699,0.199,177.2,0.6,0.1,5,0.863,0.718,145,15680409,5,3,2533523,0.285
2022-01-20,"New Jersey",2037690,30476,12074,7676638,6389434,0.188,158.6,0.59,0.1,5,0.864,0.719,161,15719685,5,3,2554813,0.288
2022-01-21,"New Jersey",2049573,30618,11883,7687070,6396148,0.18,140.5,0.58,0.1,5,0.865,0.72,142,15753923,5,3,2573219,0.29
2022-01-22,"New Jersey",2058497,30746,8924,7697644,6403186,0.176,127.8,0.57,0.1,5,0.867,0.721,128,15790987,5,3,2593715,0.292
2022-01-23,"New Jersey",2067692,30759,9195,7707157,6407847,0.173,117.7,0.57,0.1,5,0.868,0.721,13,15822679,5,3,2611856,0.294
2022-01-24,"New Jersey",2072536,30799,4844,7714292,6410864,0.159,110.9,0.57,0.1,5,0.869,0.722,40,15843930,5,3,2623699,0.295
2022-01-25,"New Jersey",2078258,30950,5722,7722554,6416218,0.152,102.2,0.56,0.1,5,0.869,0.722,151,15870851,5,3,2637875,0.297
2022-01-26,"New Jersey",2085385,31093,7127,7731595,6422819,0.145,96.1,0.56,0.1,5,0.87,0.723,143,15901576,5,3,2653778,0.299
2022-01-27,"New Jersey",2092109,31208,6724,7741679,6429485,0.138,87.5,0.56,0.1,5,0.872,0.724,115,15934361,5,3,2669294,0.301
2022-01-28,"New Jersey",2102227,31320,10118,7749451,6435682,0.13,84.7,0.57,0.1,5,0.872,0.725,112,15961157,5,3,2683483,0.302
2022-01-29,"New Jersey",2107606,31391,5379,7760320,6447709,0.124,79,0.57,0.1,5,0.874,0.726,71,16004085,5,3,2703990,0.304
2022-01-30,"New Jersey",2109783,31412,2177,7765786,6451611,0.119,67.7,0.57,0.1,3,0.874,0.726,21,16024870,3,3,2716238,0.306
2022-01-31,"New Jersey",2111856,31442,2073,7768256,6453563,0.108,63.2,0.58,0.1,3,0.875,0.727,30,16033222,3,3,2720587,0.306
2022-02-01,"New Jersey",2115305,31557,3449,7776510,6464514,0.097,59.6,0.58,0.1,3,0.876,0.728,115,16067328,3,3,2735605,0.308
2022-02-02,"New Jersey",2119298,31663,3993,7785342,6475674,0.087,54.5,0.59,0.1,3,0.877,0.729,106,16102162,3,3,2751016,0.31
2022-02-03,"New Jersey",2123207,31769,3909,7793769,6486751,0.08,50,0.6,0.1,3,0.877,0.73,106,16135931,3,3,2765732,0.311
2022-02-04,"New Jersey",2126230,31868,3023,7801386,6497450,0.075,38.6,0.61,0.1,3,0.878,0.732,99,16168907,3,3,2781275,0.313
2022-02-05,"New Jersey",2129191,31948,2961,7807884,6503843,0.075,34.7,0.62,0.1,3,0.879,0.732,80,16192883,3,3,2792963,0.314
2022-02-06,"New Jersey",2131015,31966,1824,7808834,6504689,0.073,34.1,0.63,0.1,3,0.879,0.732,18,16194453,3,3,2793813,0.315
2022-02-07,"New Jersey",2132154,31987,1139,7817125,6513535,0.069,32.6,0.65,0.1,3,0.88,0.733,21,16229718,3,3,2811610,0.317
2022-02-08,"New Jersey",2134058,32094,1904,7821843,6518691,0.064,30.2,0.66,0.1,3,0.881,0.734,107,16247086,3,3,2819478,0.317
2022-02-09,"New Jersey",2136387,32187,2329,7827187,6524269,0.06,27.5,0.67,0.1,3,0.881,0.735,93,16266367,3,3,2828315,0.318
2022-02-10,"New Jersey",2139579,32260,3192,7833200,6530462,0.057,26.3,0.69,0.1,3,0.882,0.735,73,16286681,3,3,2837412,0.319
2022-02-11,"New Jersey",2142157,32319,2578,7837084,6534511,0.053,25.6,0.7,0.1,3,0.882,0.736,59,16301297,3,3,2845046,0.32
2022-02-12,"New Jersey",2144050,32374,1893,7843568,6539998,0.051,23.9,0.72,0.1,2,0.883,0.736,55,16322912,2,3,2855660,0.322
2022-02-13,"New Jersey",2145211,32377,1161,7848352,6544628,0.049,22.8,0.73,0.1,2,0.884,0.737,3,16340983,2,3,2864636,0.323
2022-02-14,"New Jersey",2146285,32399,1074,7850872,6547044,0.046,22.7,0.74,0.1,2,0.884,0.737,22,16350427,2,3,2869237,0.323
2022-02-15,"New Jersey",2147857,32483,1572,7855222,6551397,0.042,22.2,0.75,0.1,2,0.884,0.738,84,16366289,2,3,2876514,0.324
2022-02-16,"New Jersey",2150351,32544,2494,7859671,6555629,0.04,22.5,0.76,0.1,2,0.885,0.738,61,16382088,2,3,2883975,0.325
2022-02-17,"New Jersey",2153093,32609,2742,7865963,6560847,0.038,21.7,0.77,0.1,2,0.886,0.739,65,16406772,2,3,2891618,0.326
2022-02-18,"New Jersey",2155400,32647,2307,7869226,6564154,0.036,21.3,0.77,0.1,2,0.886,0.739,38,16419245,2,3,2898834,0.326
2022-02-19,"New Jersey",2156697,32697,1297,7873976,6568615,0.035,20.3,0.77,0.1,2,0.886,0.74,50,16438280,2,3,2909139,0.328
2022-02-20,"New Jersey",2158100,32701,1403,7877746,6571960,0.034,20.7,0.78,0.1,2,0.887,0.74,4,16454000,2,3,2917925,0.329
2022-02-21,"New Jersey",2158821,32711,721,7880312,6573846,0.034,20.2,0.78,0.1,2,0.887,0.74,10,16462937,2,3,2922752,0.329
2022-02-22,"New Jersey",2160023,32743,1202,7883754,6576829,0.032,19.6,0.77,0.1,2,0.888,0.74,32,16475873,2,3,2929141,0.33
2022-02-23,"New Jersey",2161190,32803,1167,7887985,6580592,0.03,17.4,0.77,0.1,2,0.888,0.741,60,16490714,2,3,2936515,0.331
2022-02-24,"New Jersey",2162940,32829,1750,7891960,6584250,0.029,15.8,0.77,0.1,2,0.889,0.741,26,16506885,2,3,2945393,0.332
2022-02-25,"New Jersey",2164368,32857,1428,7895131,6587112,0.028,14.4,0.77,0.1,2,0.889,0.742,28,16519919,2,3,2952718,0.332
2022-02-26,"New Jersey",2165484,32888,1116,7899280,6590596,NA,14.1,0.76,0.1,2,0.889,0.742,31,16537217,2,2,2962801,0.334
2022-02-27,"New Jersey",2166758,32896,1274,7902612,6593361,NA,13.9,0.76,0.1,2,0.89,0.742,8,16550655,2,2,2970449,0.334
2022-02-28,"New Jersey",2167515,32916,757,7905373,6595643,NA,14,0.75,0.1,2,0.89,0.743,20,16561741,2,2,2976313,0.335
